time_s,voltage_set_V,voltage_meas_V,current_A,sample_rate
6.999907782301307e-07,2.0,1.9983354250873837,0.00017283988284598958,100000
0.06797709999955259,2.0,2.0002054286003115,0.00015402659948296918,100000
0.1302136000012979,2.0,2.0002243743624004,0.0001494390255107711,100000
0.2077424000017345,2.0,2.000242327281407,0.00013309952750832315,100000
0.28367609999259,2.0,2.0002125627653937,0.0001246133986554209,100000
0.3468173000001116,2.0,2.000214014734541,0.00011770425097090863,100000
0.40883499999472406,2.0,2.000214009625571,0.00010964023015708335,100000
0.4708976999972947,2.0,2.000214123725891,0.00010945134795010093,100000
0.5340894999972079,2.0,2.000218913555145,0.00010055409752544623,100000
0.5988792999996804,2.0,2.0002128965514046,8.991314668729244e-05,100000
0.6608369999885326,2.0,2.0002336280686515,8.932445757354148e-05,100000
0.7384669999883045,2.0,2.000242656639644,7.438459477638001e-05,100000
0.8160155999939889,2.0,2.000225604261671,6.835338174021542e-05,100000
0.8950656999950297,2.0,2.000232182230268,6.294383903205668e-05,100000
0.9716215999942506,2.0,2.000225377082825,6.077763675268346e-05,100000
1.0361515999975381,2.0,2.0002108883857725,5.304679443832229e-05,100000
1.100666899990756,2.0,2.0002202555111475,5.577921445602181e-05,100000
1.175501499994425,2.0,2.000218029022217,4.347219735638776e-05,100000
1.2387343000009423,2.0,2.000209995337895,4.188369631502351e-05,100000
1.300832699998864,2.0,2.000211223874773,4.1328021578302873e-05,100000
1.3643577999901026,2.0,2.000212781429291,3.657437979307231e-05,100000
1.4270972999947844,2.0,2.0002269438334874,3.7851522573256654e-05,100000
1.4888013000017963,2.0,2.000225160803114,3.428587259002468e-05,100000
1.5516145000001416,2.0,2.000220593043736,3.123119198637271e-05,100000
1.6136820999963675,2.0,2.000216684682029,3.0398270260288245e-05,100000
1.6769764999917243,2.0,2.0002380885396684,2.733279086224424e-05,100000
1.750169699997059,2.0,2.000230174064636,2.292295680727616e-05,100000
1.8267617999954382,2.0,2.000222156388419,1.7346712836017894e-05,100000
1.8899348999984795,2.0,2.0002220392227175,2.919848668797646e-05,100000
1.9724121999897761,2.0,2.0002341873305185,2.0701295097524057e-05,100000
2.055462099990109,2.0,2.000230508872441,2.0190415898241554e-05,100000
2.122895199994673,2.0,2.000224038192204,1.7813131883128483e-05,100000
2.2021891999902437,2.0,2.0002363078934806,1.7179321394418626e-05,100000
2.2812754999904428,2.0,2.000222147192274,1.6369391506649276e-05,100000
2.366594699997222,2.0,2.0002171308653693,9.360394494154091e-06,100000
2.449644199994509,2.0,2.000233186313084,8.471813669822431e-06,100000
2.5271244999894407,2.0,2.000233519077301,4.483985891868419e-06,100000
2.6092285999911837,2.0,2.000237867491586,1.2237300113058928e-05,100000
2.696021700001438,2.0,2.0002375306401934,7.827396959880512e-06,100000
2.77315889998863,2.0,2.0002160154070174,1.0259819595408507e-05,100000
2.8566302999970503,2.0,2.000227834497179,1.1215445287267095e-05,100000
2.9284896999888588,2.0,2.0002172408785137,1.7377294407846578e-07,100000
3.0083196999912616,2.0,2.000210998058319,2.5071788030735383e-06,100000
3.0899131999904057,2.0,2.000223597458431,2.440013754916704e-06,100000
3.1656292999978177,2.0,2.000231399536133,3.5401244711010795e-06,100000
3.243733399998746,2.0,2.0002351897103448,4.077074388533319e-07,100000
3.3259757999912836,2.0,2.000213005542755,1.8404614389575154e-06,100000
3.410154600001988,2.0,2.000224153314318,1.8733164413333695e-06,100000
3.490218699997058,2.0,2.0002162364551,-4.068841394558006e-06,100000
3.5687368999933824,2.0,2.0002178018433705,-2.213859144213902e-06,100000
3.648121699996409,2.0,2.000229618208749,2.7429555117514494e-07,100000
3.722819000002346,2.0,2.0002300681386673,-2.036929806016407e-06,100000
3.7978925999923376,2.0,2.0002273893356324,-2.4922242917000293e-06,100000
3.877709099993808,2.0,2.000229617868151,-9.366526860828529e-07,100000
3.9571942999900784,2.0,2.000235639640263,-1.8804745990499765e-06,100000
4.035854000001564,2.0,2.000225829737527,-5.735568957756436e-06,100000
4.121976900001755,2.0,2.0002110021454946,-3.680209367010835e-06,100000
4.195751299994299,2.0,2.0002314005579267,-8.256767109644764e-06,100000
4.280871900002239,2.0,2.0002369754655023,-8.767286860704969e-06,100000
4.35979750000115,2.0,2.0002220392227175,-3.4578508366718737e-06,100000
4.450372799998149,2.0,2.000233520780291,-1.5027963817958905e-06,100000
4.522254899988184,2.0,2.0002383126531327,-6.6238353051306e-06,100000
4.602915299998131,2.0,2.0002511296953474,-1.9358418339509382e-06,100000
4.684370099988882,2.0,2.000238426072257,-7.856252234010494e-06,100000
4.766705999994883,2.0,2.000229175771986,-5.913189540186574e-06,100000
4.855143299995689,2.0,2.000230954715184,-2.1433980876801938e-07,100000
4.932791400002316,2.0,2.0002347462517873,-7.031633259495088e-07,100000
5.0111298999981955,0.0,0.005256244267470071,-0.0001714377591960913,100000
5.0807728999934625,0.0,0.003542885952629149,-0.00015476831513806897,100000
5.163629299990134,0.0,0.0035443353014332907,-0.00013706449401320242,100000
5.2474712999974145,0.0,0.003536642586280193,-0.0001276347171755268,100000
5.325450399992405,0.0,0.0035347472773199634,-0.00012120031312201717,100000
5.403281799997785,0.0,0.003536642583286656,-0.00010829098632474857,100000
5.482728999995743,0.0,0.003545338701390262,-0.00010005734003493671,100000
5.557811599996057,0.0,0.003540210222625839,-8.797220563490424e-05,100000
5.63281769999594,0.0,0.003534301319824798,-8.401599297053508e-05,100000
5.708181699999841,0.0,0.003536308118740895,-7.618213185576548e-05,100000
5.784456599998521,0.0,0.0035377574722016496,-6.456476105368633e-05,100000
5.866662999993423,0.0,0.003536642584949732,-6.346433108569727e-05,100000
5.951188999999431,0.0,0.0035336323887375847,-5.224501340233344e-05,100000
6.028897299998789,0.0,0.0035353047217774602,-4.441295685530478e-05,100000
6.106644200001028,0.0,0.00353586216257619,-4.484703035382152e-05,100000
6.184769899991807,0.0,0.003537980450782925,-3.945865436360559e-05,100000
6.254638099999283,0.0,0.00353619663410687,-3.273772683337484e-05,100000
6.327158799991594,0.0,0.0035328519720185018,-2.9406256489469986e-05,100000
6.4048990000010235,0.0,0.003535862164571881,-2.972866331275067e-05,100000
6.484021999989636,0.0,0.0035314026178925166,-2.247477318590945e-05,100000
6.564251899995725,0.0,0.0035365310976547856,-1.6631940328319872e-05,100000
6.640715999994427,0.0,0.003535081742530955,-1.931948471815302e-05,100000
6.718951799994102,0.0,0.003536419607033687,-1.1388630191731867e-05,100000
6.798787499996251,0.0,0.0035343013224857192,-8.411652652512192e-06,100000
6.872781099998974,0.0,0.0035364196090293784,-1.2911313250534858e-05,100000
6.9370348999946145,0.0,0.003530956662393042,-8.623200962282272e-06,100000
7.006416999996873,0.0,0.0035340783472305962,-8.22294217891795e-06,100000
7.090991799996118,0.0,0.0035336323900680457,-4.4746422018501547e-07,100000
7.1693136999965645,0.0,0.0035317370827708926,-2.7471526994499195e-06,100000
7.245417500002077,0.0,0.0035359736528646733,2.5624942266599027e-06,100000
7.320029900001828,0.0,0.0035315141055200783,6.038695925683765e-06,100000
7.3957529999897815,0.0,0.0035377574735321105,4.961336441640791e-06,100000
7.48343439999735,0.0,0.0035355276983630446,3.8841141236909175e-06,100000
7.55496249999851,0.0,0.003531514102193926,1.1470835993772469e-05,100000
7.629825899988646,0.0,0.003532294523569622,4.295292529442508e-06,100000
7.7068350999907125,0.0,0.003536977051823799,6.661227901174369e-06,100000
7.781535399990389,0.0,0.0035385378902511935,1.0526717506926229e-05,100000
7.846196300000884,0.0,0.003532628990111074,1.4558873877344285e-05,100000
7.9229782999900635,0.0,0.003529730286848332,2.1089983927887666e-05,100000
8.000330499999109,0.0,0.003534747274659042,1.5636164289162485e-05,100000
8.084184299994376,0.0,0.0035317370817730467,1.3436787418770891e-05,100000
8.163532399994438,0.0,0.003537200026413692,1.8912861363820166e-05,100000
8.2423839999974,0.0,0.003538314915993916,1.843555657982118e-05,100000
8.320399699994596,0.0,0.0035346357873640953,2.062344386308723e-05,100000
8.398799699993106,0.0,0.0035393183109616593,2.1745439769769553e-05,100000
8.477904300001683,0.0,0.003536977050160723,1.8224391031545963e-05,100000
8.555103899998358,0.0,0.0035387608694976993,2.1078962244928354e-05,100000
8.631966200002353,0.0,0.0035387608665041624,1.6180474582954828e-05,100000
8.709959999992861,0.0,0.003536085137498698,1.7791037190525988e-05,100000
8.78904099999636,0.0,0.0035338553676514755,2.046798801377139e-05,100000
8.865288799992413,0.0,0.0035400987353308923,2.0212351904807027e-05,100000
8.944856799993431,0.0,0.003539429803578449,1.6847210207125886e-05,100000
9.023103100000299,0.0,0.003537423005327582,1.6202445689519407e-05,100000
9.101457799988566,0.0,0.003538649378876601,2.1756529873040816e-05,100000
9.169641899992712,0.0,0.0035358621629088052,2.4488864643802005e-05,100000
9.243446699998458,0.0,0.003535750674616013,1.9834730071027355e-05,100000
9.311171599998488,0.0,0.0035329634589808326,2.397816874408169e-05,100000
9.394923899992136,0.0,0.003530845174432865,2.509997602416142e-05,100000
9.474217900002259,0.0,0.003539318313622581,2.0734361497651266e-05,100000
9.554957799991826,0.0,0.0035347472739938116,2.1612216000026576e-05,100000
9.631938299993635,0.0,0.0035322945258979286,2.5910887684826145e-05,100000
9.707571799997822,0.0,0.0035282809297288104,2.4033638264654662e-05,100000
9.786688599997433,0.0,0.0035319600563629397,2.5733165123353636e-05,100000
9.856744899996556,0.0,0.0035343013204900283,2.1478803909985794e-05,100000
9.924372599998605,0.0,0.0035322945258979286,2.4422133323274205e-05,100000
10.01139489999332,0.0,0.0035336323897354307,2.787684419779777e-05,100000
10.086142599990126,2.0,1.9983529321636473,0.00019428125270655984,100000
10.164754799989169,2.0,2.0002474536214554,0.0001805404042518798,100000
10.241345799993724,2.0,2.000247231892177,0.0001652783865143712,100000
10.32093069999246,2.0,2.000236862046378,0.00015251574967003635,100000
10.398533300001873,2.0,2.0002582587514603,0.00013818681023729237,100000
10.478947399999015,2.0,2.000231510911669,0.00012797893950953817,100000
10.556267899999511,2.0,2.000226719720023,0.00011865975150070492,100000
10.631561299989698,2.0,2.00023608480181,0.00011697138478643864,100000
10.711201500002062,2.0,2.0002407670021056,0.00010073200865895159,100000
10.78946129999531,2.0,2.0002353038106646,9.187910403180209e-05,100000
10.871006999994279,2.0,2.0002353075572423,8.633652636337631e-05,100000
10.94634799999767,2.0,2.000232073579516,8.160451800102105e-05,100000
11.01617579998856,2.0,2.0002324039595467,7.777236806217456e-05,100000
11.0940671999997,2.0,2.0002233794757296,6.946361849106457e-05,100000
11.178705300000729,2.0,2.0002404298101153,6.44767671770816e-05,100000
11.26045429999067,2.0,2.0002279492786954,5.862274661769465e-05,100000
11.331448199998704,2.0,2.0002364168848312,5.855599745547936e-05,100000
11.410206599990488,2.0,2.0002410997663227,5.0125594585064654e-05,100000
11.490501199994469,2.0,2.0002414294651576,5.079200416318081e-05,100000
11.572414900001604,2.0,2.0002372006007603,4.877026917688454e-05,100000
11.65028010000242,2.0,2.00021824666432,4.168384411556354e-05,100000
11.72380159999011,2.0,2.000249123913901,3.361978867857422e-05,100000
11.8048751999886,2.0,2.0002438831329346,3.100919284254036e-05,100000
11.880580199998803,2.0,2.0002382019587928,2.988719739320395e-05,100000
11.949262299996917,2.0,2.000232741151537,3.094263188076443e-05,100000
12.027595599996857,2.0,2.0002224848951613,2.2422734253560916e-05,100000
12.108703099991544,2.0,2.0002404291289193,2.8010136669796084e-05,100000
12.18757850000111,2.0,2.0002296130997794,2.4477894495411026e-05,100000
12.269780799993896,2.0,2.0002301723616465,1.8313029968112463e-05,100000
12.338741399988066,2.0,2.000230623313359,2.060134838344701e-05,100000
12.42240349999338,2.0,2.000222370624542,2.0512453160368506e-05,100000
12.505397100001574,2.0,2.000236199923924,1.25595258159917e-05,100000
12.586796199990204,2.0,2.0002382002558026,1.289249876705462e-05,100000
12.661555999991833,2.0,2.000223935331617,8.227428114261274e-06,100000
12.734310799991363,2.0,2.000230621950967,9.604848972523031e-06,100000
12.814293199990061,2.0,2.0002395374434334,8.882712546600107e-06,100000
12.898935299992445,2.0,2.000233075618744,7.049683414964288e-06,100000
12.9768827999942,2.0,2.000227835178375,8.494029746186366e-06,100000
13.055855400001747,2.0,2.000230510234833,4.606375486901029e-06,100000
13.124816299998201,2.0,2.000235527583531,8.916172730648341e-06,100000
13.205859900001087,2.0,2.000225603580475,2.173348436924368e-06,100000
13.289126099989517,2.0,2.000243213176727,2.4735814581293e-06,100000
13.367444999996223,2.0,2.000239986692156,2.3514482301639685e-06,100000
13.440606399992248,2.0,2.0002256039210726,8.961538291844568e-07,100000
13.519441099997493,2.0,2.000237419945853,2.6290033732233905e-06,100000
13.602092200002517,2.0,2.0002436648096356,2.662789165469798e-06,100000
13.67697249999037,2.0,2.0002204738344465,1.8625218617996406e-06,100000
13.752400299999863,2.0,2.000222479445594,-1.4715044374354665e-08,100000
13.832760299992515,2.0,2.000225381510598,5.962979708848697e-07,100000
13.909015799988993,2.0,2.0002309536933898,-1.2808820561401382e-06,100000
13.980614599990076,2.0,2.000215013367789,-7.696897399195497e-07,100000
14.046439699988696,2.0,2.0002260528291975,3.828455705615866e-06,100000
14.132713799990597,2.0,2.000248119149889,-9.028789608821859e-07,100000
14.212244099995587,2.0,2.0002374223300388,-1.7248129216633468e-06,100000
14.293916900001932,2.0,2.0002414321899415,-4.912973370112793e-06,100000
14.366112299991073,2.0,2.0002524641581942,-6.557446719235874e-06,100000
14.445750499988208,2.0,2.0002289482525417,-3.2467362249722785e-06,100000
14.525978099991335,2.0,2.000227723462241,-6.090975638309309e-06,100000
14.60314959999232,2.0,2.000229615483965,-8.789953354575365e-06,100000
14.674279099999694,2.0,2.0002239312444416,-1.303222846965054e-06,100000
14.752874799989513,2.0,2.000227724824633,-6.912219101617929e-06,100000
14.82928649999667,2.0,2.000234191077096,-5.335971988350649e-06,100000
14.910647899989272,2.0,2.0002386488233292,-5.601547248683587e-06,100000
14.993239799994626,2.0,2.0002246029036383,-5.868337117427851e-06,100000
15.071241799989366,0.0,0.005257582070106374,-0.0001679399239637535,100000
15.153450300000259,0.0,0.003538649381870138,-0.0001621343629162441,100000
15.231142999997246,0.0,0.0035389838467485136,-0.00014548128585300087,100000
15.30837739999697,0.0,0.0035382034263706633,-0.00012895312872410615,100000
15.381362000000081,0.0,0.0035347472753242725,-0.00012355425258572594,100000
15.467887399994652,0.0,0.0035373115190304814,-0.00011069277787318502,100000
15.546205599996028,0.0,0.003535973653529904,-0.00010095556757236019,100000
15.621451999992132,0.0,0.003537645985571934,-9.089136249151254e-05,100000
15.697634399999515,0.0,0.003530956662060427,-8.189559007688071e-05,100000
15.775712699993164,0.0,0.0035336323880723543,-7.932872245442012e-05,100000
15.860955399999511,0.0,0.0035324060141907207,-7.138516033939724e-05,100000
15.940291299993987,0.0,0.0035328519700228104,-6.559738133406817e-05,100000
16.004624199995305,0.0,0.00352906135642635,-5.632085118405223e-05,100000
16.08468039998843,0.0,0.0035256052033842676,-5.223325974179716e-05,100000
16.167140499994275,0.0,0.0035343013208226433,-4.956634409956806e-05,100000
16.24877029999334,0.0,0.003531625592149794,-3.4593707170675505e-05,100000
16.329959199996665,0.0,0.003533186435899032,-3.076175805280659e-05,100000
16.405235099999118,0.0,0.0035312911279366485,-2.816400419198672e-05,100000
16.4896546999953,0.0,0.0035388723591209524,-2.818410287146173e-05,100000
16.57508019999659,0.0,0.003531737082105662,-2.6595112268263884e-05,100000
16.654973199998494,0.0,0.003539875758080078,-2.0508503530014153e-05,100000
16.72459759999765,0.0,0.0035372000294072287,-1.5898987579118638e-05,100000
16.813929500000086,0.0,0.0035358621639066507,-1.1800151099220906e-05,100000
16.888253400000394,0.0,0.00353485876528014,-1.057844317941609e-05,100000
16.96748999999545,0.0,0.003538649382202753,-7.3567316461711405e-06,100000
17.047480799999903,0.0,0.0035331864352338015,-3.614242053864863e-06,100000
17.122612699997262,0.0,0.0035369770491628775,-1.4696620385166006e-06,100000
17.200889399988228,0.0,0.00353407834490229,-7.817843485814367e-07,100000
17.27856759999122,0.0,0.0035355276983630446,-2.2692432674570426e-06,100000
17.34963459998835,0.0,0.003535416209405022,-3.0578201253449904e-06,100000
17.425583899996127,0.0,0.003533855366986245,-8.12021883120741e-08,100000
17.5102681999997,0.0,0.0035339668562768827,6.6829755286497644e-06,100000
17.586781299993163,0.0,0.003528057955471533,9.127115947746598e-06,100000
17.666094799991697,0.0,0.003532183038270367,7.4058193511064e-06,100000
17.74207100000058,0.0,0.0035325175048118193,7.549944798906189e-06,100000
17.82036729999527,0.0,0.0035302877313058293,8.771567093033043e-06,100000
17.895880500000203,0.0,0.003532628994435072,8.538460115979841e-06,100000
17.97049779999361,0.0,0.0035382034247075874,1.225948070613674e-05,100000
18.044630499993218,0.0,0.003533855368981936,6.538404524917494e-06,100000
18.112097799996263,0.0,0.0035303992189333906,1.119193436297143e-05,100000
18.19845229999919,0.0,0.003531960058691246,1.62803586172556e-05,100000
18.27434049999283,0.0,0.0035322945275610045,1.3836772004424344e-05,100000
18.353103799992823,0.0,0.0035336323913985066,1.8323618282043504e-05,100000
18.42618519999087,0.0,0.0035285039099731616,1.1559646225870384e-05,100000
18.50493660000211,0.0,0.003527723489262696,1.5980571164651077e-05,100000
18.583759299988742,0.0,0.0035289498658052513,1.3414457471071743e-05,100000
18.660993500001496,0.0,0.0035345243010669945,2.2600559177362814e-05,100000
18.734421899993322,0.0,0.003530287730640599,1.884652317627505e-05,100000
18.818867599999066,0.0,0.0035298417741432787,1.984602596404069e-05,100000
18.89835139999923,0.0,0.0035262741338062497,1.8845695684214148e-05,100000
18.973681799994665,0.0,0.0035309566630582724,1.759115015482037e-05,100000
19.0522956999921,0.0,0.00354054468783683,1.804658236041439e-05,100000
19.129223299998557,0.0,0.003530176238023809,1.330379158496597e-05,100000
19.20865899999626,0.0,0.003534635786698865,1.765786481340521e-05,100000
19.280057999989367,0.0,0.003533855368649321,2.023481196221968e-05,100000
19.360069999995176,0.0,0.003533855365988399,2.1812103117586695e-05,100000
19.436468699990655,0.0,0.003526162648506995,2.2889615908655163e-05,100000
19.51135339999746,0.0,0.003532517502816128,2.005703763750588e-05,100000
19.593492999993032,0.0,0.003529395818643804,2.2911660204856955e-05,100000
19.671141699989676,0.0,0.003531068151018449,2.1845579751795553e-05,100000
19.75100209999073,0.0,0.0035321830396008278,2.430017142981863e-05,100000
19.829135799998767,0.0,0.0035341898315320057,2.648841839517706e-05,100000
19.906345199997304,0.0,0.003526051160546818,2.3711670030577046e-05,100000
19.97915220000141,0.0,0.0035275005123444965,1.802431503532327e-05,100000
20.054278800002066,2.0,1.9983546032224382,0.0001871243392800547,100000
20.13315499998862,2.0,2.0002555881227764,0.00017853008489487364,100000
20.219327999991947,2.0,2.0002481208528793,0.00015742553127610597,100000
20.300034399988363,2.0,2.000232736723764,0.00014659554543585988,100000
20.37920129999111,2.0,2.0002434396743776,0.0001383978043393199,100000
20.453602099994896,2.0,2.0002475622722082,0.00012727929289449742,100000
20.529474399998435,2.0,2.0002395353998454,0.0001187040965706144,100000
20.602355399998487,2.0,2.0002415452684676,0.00011126225976220536,100000
20.677052899991395,2.0,2.000246444770268,9.867690042980422e-05,100000
20.757072499996866,2.0,2.0002496804509846,8.876910780187633e-05,100000
20.837845699992613,2.0,2.000246001311711,8.52033712087632e-05,100000
20.918350099993404,2.0,2.0002609361921038,8.04493019142488e-05,100000
20.99504579999484,2.0,2.0002409877095904,7.217423482977988e-05,100000
21.07322619999468,2.0,2.000242772102356,6.306597242503034e-05,100000
21.146296699997038,2.0,2.0002337411471776,5.882275363394129e-05,100000
21.21917840000242,2.0,2.000263721942902,6.184421325195087e-05,100000
21.305229899997357,2.0,2.0002592638560706,4.7815128931720866e-05,100000
21.388426599995,2.0,2.0002470070975167,4.771498771830401e-05,100000
21.47698789999413,2.0,2.0002493500709533,4.649336607121768e-05,100000
21.553912599993055,2.0,2.000253359590258,3.832913671018495e-05,100000
21.633848299999954,2.0,2.0002588149479457,3.253085894074762e-05,100000
21.706944099991233,2.0,2.000258374895368,3.159791666520765e-05,100000
21.78581609998946,2.0,2.0002575959478106,3.346378388911425e-05,100000
21.868064099995536,2.0,2.0002553609439304,3.170897618841602e-05,100000
21.94055379999918,2.0,2.0002597117424012,2.1323519154488427e-05,100000
22.02047789999051,2.0,2.000248453617096,2.2555815219318134e-05,100000
22.093174499997986,2.0,2.000252799647195,1.9568111901890016e-05,100000
22.173392600001534,2.0,2.000249344621386,2.0068179909068422e-05,100000
22.25284400000237,2.0,2.0002354100772313,1.2148576162124839e-05,100000
22.32386899999983,2.0,2.0002475649969917,1.584665708063377e-05,100000
22.406645299997763,2.0,2.0002578139305114,1.5814092848586385e-05,100000
22.486663699994097,2.0,2.0002556943893435,1.2203977232827257e-05,100000
22.564607899999828,2.0,2.000245110648019,1.2126034815375028e-05,100000
22.634711099992273,2.0,2.000249455315726,1.0338058573097444e-05,100000
22.70894369999587,2.0,2.0002289479119435,1.0068998372259822e-06,100000
22.772595399990678,2.0,2.0002384243692672,-1.3653432061539513e-07,100000
22.83866439999838,2.0,2.0002422101157054,6.750054660090312e-06,100000
22.921037599997362,2.0,2.000249789782933,4.628642832455761e-06,100000
23.004634700002498,2.0,2.000243101460593,-8.808005784430892e-07,100000
23.0763142999931,2.0,2.000236419950213,2.7170606275116725e-06,100000
23.150359699997352,2.0,2.0002457768576485,1.4627995432355e-06,100000
23.232859600000666,2.0,2.0002410997663227,-7.700155680205405e-07,100000
23.316222099994775,2.0,2.0002492342676437,3.1955635999695903e-06,100000
23.395509399997536,2.0,2.0002449996130807,-1.902758044285027e-06,100000
23.46930309999152,2.0,2.000249457018716,4.0063897002450574e-06,100000
23.548981499989168,2.0,2.000253692354475,-4.079846520815914e-06,100000
23.62850389999221,2.0,2.000251462118966,-4.701128385867009e-07,100000
23.70528429999831,2.0,2.0002408746310643,-6.445782447014729e-06,100000
23.78108029998839,2.0,2.0002502329008918,8.63327720156007e-07,100000
23.864557299995795,2.0,2.000243216242109,-2.7918576080147763e-06,100000
23.93851559999166,2.0,2.000245553765978,-5.6682965151659504e-06,100000
24.012930099997902,2.0,2.000240988731384,-4.224525747271665e-06,100000
24.085794699989492,2.0,2.000235746928624,-5.191047976268234e-06,100000
24.166495400000713,2.0,2.0002351910727363,-2.9024328671961553e-06,100000
24.252212099992903,2.0,2.000248453617096,-2.7137044723336303e-06,100000
24.332907299991348,2.0,2.0002431018011912,-6.8901582168824226e-06,100000
24.40782209999452,2.0,2.0002453320366995,-7.867462404224825e-06,100000
24.482644499992603,2.0,2.0002253825323923,-3.624500502512866e-06,100000
24.56415979999292,2.0,2.000231181723731,-5.590861161798398e-06,100000
24.64325929999177,2.0,2.0002468967437745,-2.236022832708567e-06,100000
24.71911779999209,2.0,2.000252799647195,-2.0470384556899425e-06,100000
24.79847229999723,2.0,2.0002501259531296,-4.4685466013041615e-06,100000
24.87733199998911,2.0,2.0002378708975654,-4.5353470512249534e-06,100000
24.949335799989058,2.0,2.000254582677569,-7.512501294546121e-06,100000
25.03475079999771,2.0,2.0002347452299936,-3.768642787658138e-06,100000
25.116949099989142,0.0,0.005254683367508862,-0.0001716504682010509,100000
25.195392199995695,0.0,0.0035344128137720482,-0.00016074504659845194,100000
25.264951799996197,0.0,0.003534078343239214,-0.00014799570487337275,100000
25.34800379999797,0.0,0.0035331864395577992,-0.0001306058792886883,100000
25.430912399999215,0.0,0.0035340783425739835,-0.00012159664320237035,100000
25.506637500002398,0.0,0.0035325175008204365,-0.0001155905444068789,100000
25.581508499992196,0.0,0.0035325175051444343,-0.00010605623192327583,100000
25.659892899988336,0.0,0.0035412136225828105,-9.256017227072074e-05,100000
25.738839899990126,0.0,0.0035293958236330323,-8.421550301808825e-05,100000
25.819765799999004,0.0,0.0035332979251896696,-7.928477799191568e-05,100000
25.89720709998801,0.0,0.003529507310262748,-6.537555440045903e-05,100000
25.97357380000176,0.0,0.003532406014855951,-6.696353470023755e-05,100000
26.052810299996054,0.0,0.003532851970688041,-5.912064764506146e-05,100000
26.127423400001135,0.0,0.003534747276654733,-5.6787876056627534e-05,100000
26.196963099995628,0.0,0.0035351932318215926,-4.9090009124711274e-05,100000
26.261250600000494,0.0,0.0035331864352338015,-4.216909250534886e-05,100000
26.346209899988025,0.0,0.003530510708224028,-3.865862687192539e-05,100000
26.430591399999685,0.0,0.003531960059689092,-3.073822476208727e-05,100000
26.509031499997946,0.0,0.003532071548314499,-2.7573197600791634e-05,100000
26.58720359999279,0.0,0.0035345242994039186,-2.5151364177320682e-05,100000
26.666870100001688,0.0,0.0035310681480249123,-2.679622555358817e-05,100000
26.741143699997338,0.0,0.003530845170774098,-2.2963596984059873e-05,100000
26.82280670000182,0.0,0.0035388723607840283,-1.7365730765342424e-05,100000
26.900819399990723,0.0,0.003535416209072407,-1.8775984886782923e-05,100000
26.98027159999765,0.0,0.003539875757747463,-1.5731835819906317e-05,100000
27.055427699990105,0.0,0.0035336323927289675,-7.101499900824944e-06,100000
27.133336200000485,0.0,0.0035378689588313654,-6.623368234776148e-06,100000
27.210979299998144,0.0,0.0035345243007343795,-7.212645437870642e-06,100000
27.288804800002254,0.0,0.0035351932334846685,-4.2354228275079e-06,100000
27.368267999991076,0.0,0.003535527699028275,5.854132734189812e-07,100000
27.449076199991396,0.0,0.0035365310949938638,1.418146170213485e-06,100000
27.52449739999429,0.0,0.0035350817448592613,4.595182796850037e-06,100000
27.603310099992086,0.0,0.0035356391876536822,2.5959202929633207e-06,100000
27.678082999991602,0.0,0.0035336323913985066,5.039055927649587e-06,100000
27.755425499999546,0.0,0.003533297927517976,6.0502317544433115e-06,100000
27.838687099996605,0.0,0.0035376459835762424,3.884342439343001e-06,100000
27.91576879999775,0.0,0.0035396527791661876,7.083388506446564e-06,100000
27.984500799997477,0.0,0.0035374230069906585,8.493892620370917e-06,100000
28.06095839999034,0.0,0.003538983847081129,9.038220375162269e-06,100000
28.139613699997426,0.0,0.003536977051823799,1.4692080246179887e-05,100000
28.21802809998917,0.0,0.003533743882684835,1.1104265679575434e-05,100000
28.300170799993793,0.0,0.0035389838480789746,1.8801749859091743e-05,100000
28.382635699992534,0.0,0.0035365310979874006,1.5113932041621022e-05,100000
28.460629599998356,0.0,0.003538649381870138,2.191198602411403e-05,100000
28.540113900002325,0.0,0.0035387608698303147,1.383684055174074e-05,100000
28.619031399997766,0.0,0.0035344128121089723,2.0667977653472132e-05,100000
28.69312359999458,0.0,0.0035353047204469998,1.6913615990915792e-05,100000
28.771505400000024,0.0,0.0035390953330456144,1.8135495253675677e-05,100000
28.85551839999971,0.0,0.003533409412484616,2.0801217998431243e-05,100000
28.930289600000833,0.0,0.0035358621665675725,2.2222915118131167e-05,100000
29.009866799999145,0.0,0.003535639187321067,2.3078360483103625e-05,100000
29.090200099992217,0.0,0.00352939582030688,1.6357575899454392e-05,100000
29.16725869999209,0.0,0.003538649382535368,2.2012041477377622e-05,100000
29.24563959999068,0.0,0.0035380919400735625,1.740231996573779e-05,100000
29.32005759999447,0.0,0.0035344128137720482,2.1923282395261743e-05,100000
29.390420600000652,0.0,0.003529841773145433,2.2656166325272614e-05,100000
29.471665799996117,0.0,0.0035288383768472286,2.128978460057496e-05,100000
29.555561899993336,0.0,0.0035311796399764717,2.4322283537945362e-05,100000
29.6370093000005,0.0,0.0035328519703554254,2.2023200213392824e-05,100000
29.712970199994743,0.0,0.0035318485720615303,2.0345871294434153e-05,100000
29.78787229998852,0.0,0.003530399216272469,2.5211103663001007e-05,100000
29.869704500000807,0.0,0.003531625596473792,2.497775705553198e-05,100000
29.948159699997632,0.0,0.003529507311593209,2.4144561795018117e-05,100000
30.02618210000219,0.0,0.0035242673405446114,2.4100268127150626e-05,100000
