time_s,voltage_set_V,voltage_meas_A_V,current_A_A,voltage_meas_B_V,current_B_A,sample_rate
6.00004568696022e-07,2.0,1.9984420798506055,0.00019064279859802423,1.9969387472527367,0.00014877992722137738,100000
0.08792479999829084,2.0,2.000308178152357,0.0001730476887330172,1.9988563602311271,0.00013340491885329748,100000
0.14898470000480302,2.0,2.0003137510163445,0.0001661052704746128,1.9988598157678332,0.00012912594755912975,100000
0.2106772999977693,2.0,2.0003264563424246,0.00015908538900371894,1.9988552446024759,0.00012180147388685979,100000
0.2719966000004206,2.0,2.0003191001074656,0.00015324242423594113,1.9988609315667833,0.00010847829404441914,100000
0.33192549999512266,2.0,2.0003165357453483,0.00014380098321739105,1.998858254637037,0.00010495770410047305,100000
0.3927611999970395,2.0,2.000319993836539,0.00013786929495472578,1.9988677297319686,9.825319329359316e-05,100000
0.4530056999938097,2.0,2.0003169819286892,0.00013113802438341997,1.9988603731564114,0.0001000320720630563,100000
0.5137962000007974,2.0,2.000327685560499,0.00012238539664031123,1.9988544654846192,9.055188498574093e-05,100000
0.5747789000015473,2.0,2.000317872932979,0.0001156096610497376,1.9988534588473184,8.244902430202015e-05,100000
0.6348827000038,2.0,2.0003228960718427,0.00010850081536409561,1.9988566946983337,7.627160628960286e-05,100000
0.6961102000059327,2.0,2.0003246784210207,0.00010846761167704246,1.9988660599504198,7.457655835579708e-05,100000
0.7566896999924211,2.0,2.000311299392155,9.824854693007572e-05,1.9988663923740386,5.9858036821424336e-05,100000
0.8167981000005966,2.0,2.0003065068381174,9.691547190959684e-05,1.9988545751571656,6.320438827606268e-05,100000
0.8769064999942202,2.0,2.00030795948846,9.320545563397381e-05,1.998857808794294,5.935748459341995e-05,100000
0.9377558999985922,2.0,2.000312191077641,8.457487480388538e-05,1.998849114690508,5.4505557312170704e-05,100000
0.9988308000029065,2.0,2.000317542552948,8.238679967585737e-05,1.9988590344360897,4.8725536675712136e-05,100000
1.0598691000050167,2.0,2.000319323539734,8.290908303700104e-05,1.9988622665405273,4.6666561913688e-05,100000
1.12077429999772,2.0,2.0003030511311124,6.932444250092626e-05,1.9988526812621525,4.107471995238095e-05,100000
1.1808710000041174,2.0,2.000313642365592,7.116804293504433e-05,1.9988605960777828,3.852994499564895e-05,100000
1.257576899995911,2.0,2.0003039492879595,7.051250171467215e-05,1.9988546884059906,3.084396203472093e-05,100000
1.317870099999709,2.0,2.0003154250553674,6.514762983663656e-05,1.9988516787120274,3.4398515130825615e-05,100000
1.3786950999929104,2.0,2.0003051696504865,6.1637654311718e-05,1.9988438759531293,2.461045418021969e-05,100000
1.4389737000019522,2.0,2.0003126396451676,6.17156133235507e-05,1.998859929868153,2.478771280584624e-05,100000
1.5008884999988368,2.0,2.0003255690847124,5.656147904405123e-05,1.998856246982302,2.5371800490964772e-05,100000
1.5616972999996506,2.0,2.0003076209340778,5.3584518476002685e-05,1.9988532367774419,2.033259808571791e-05,100000
1.6217914000008022,2.0,2.000320438998086,5.257377078929235e-05,1.998851009947913,2.0533026943147516e-05,100000
1.681796499993652,2.0,2.0003173177582876,5.150743387171783e-05,1.9988478871754238,1.1014386428541916e-05,100000
1.7418543999956455,2.0,2.0003251133646285,4.352126943714602e-05,1.9988531272751944,1.5382854588226908e-05,100000
1.801759800000582,2.0,2.000329351425171,5.4095505543955375e-05,1.99885981627873,1.5481471624947778e-05,100000
1.8628129999997327,2.0,2.0003285755429947,4.809744487335724e-05,1.9988629375185285,8.499284319831162e-06,100000
1.923909499993897,2.0,2.000327681473323,3.9955618583397686e-05,1.998861598968506,9.60305029132412e-06,100000
1.9837883000000147,2.0,2.000324900150299,3.821152467311809e-05,1.9988565812792096,1.3353812075755374e-05,100000
2.044822399999248,2.0,2.0003175377845763,3.957807758420782e-05,1.9988472196034022,1.1036515496146306e-05,100000
2.1046494000038365,2.0,2.0003004942621505,3.81780644747778e-05,1.9988451022761209,3.613257295260829e-06,100000
2.1646427999949083,2.0,2.0003000402450564,3.9289123187960046e-05,1.9988439863068717,5.029460848683307e-06,100000
2.2246356999967247,2.0,2.000315868513925,3.7322910379381424e-05,1.998854354279382,-2.249271362286088e-06,100000
2.28574409999419,2.0,2.0003050579343524,3.844488884715248e-05,1.9988527955327715,1.8957008676027726e-06,100000
2.345809799997369,2.0,2.0003102949687412,3.349064057433032e-05,1.998836520058768,2.7333819944033288e-06,100000
2.4058530000038445,2.0,2.0003228861945015,3.3280040413436466e-05,1.9988628256320953,-1.1231344469706287e-06,100000
2.465861999997287,2.0,2.0003194328716822,3.595685425638554e-05,1.998854911157063,-4.689571531603804e-06,100000
2.5258329000062076,2.0,2.000302163532802,3.4401658721305595e-05,1.9988420924118586,-1.0473433223393946e-05,100000
2.5858753999928012,2.0,2.0003138654572625,3.1980167505285604e-05,1.9988414231368474,-3.588138784315156e-06,100000
2.6459122999949614,2.0,2.000310299396515,3.06027985752735e-05,1.9988435402938298,1.9227126634047836e-06,100000
2.706616399998893,2.0,2.000304501737867,3.460147692125508e-05,1.998844655411584,-7.711830071197495e-06,100000
2.766809699998703,2.0,2.0003001529829842,2.8836175533082772e-05,1.9988442092282432,-8.826477352938237e-06,100000
2.8265877999947406,2.0,2.000317873273577,2.5959737591620092e-05,1.9988590351172857,-7.1408163048545116e-06,100000
2.8877838000043994,2.0,2.0003036076681955,2.8636927877024796e-05,1.9988502287864685,-6.1830599423566524e-06,100000
2.947897499994724,2.0,2.0003052827290126,2.3694112960843743e-05,1.9988535722664424,-9.171482296551394e-06,100000
3.0076457999966806,2.0,2.0003090691566467,3.612350339504442e-05,1.9988553580216,-1.1590032869987347e-05,100000
3.0677850999927614,2.0,2.0003094039644513,2.8003721605273334e-05,1.9988427611759731,-4.590003998211086e-06,100000
3.127844200003892,2.0,2.0003023821966988,2.5171108453702934e-05,1.9988435416562216,-8.45852995592263e-06,100000
3.1881968999950914,2.0,2.0003176535878864,2.6048821020335084e-05,1.9988514539173672,-1.2148301242632421e-05,100000
3.2487601000029827,2.0,2.000322554792677,2.0772587991814374e-05,1.9988535734585353,-1.2526318055669023e-05,100000
3.3088376999949105,2.0,2.000331026485988,2.11494384649476e-05,1.9988671721730913,-1.3709803733685712e-05,100000
3.3688377999933437,2.0,2.0003299137524198,2.738096687439145e-05,1.9988604829992567,-1.1903116261367217e-05,100000
3.4297924999991665,2.0,2.0003289086478095,2.0239402143488425e-05,1.9988696237972805,-1.0866109995731653e-05,100000
3.4897068999998737,2.0,2.000320884840829,2.030604824176409e-05,1.9988594799382347,-1.4008379951779436e-05,100000
3.5499702999950387,2.0,2.0003194332122805,2.4560146777470707e-05,1.998855801139559,-1.2447689065863543e-05,100000
3.6106644999963464,2.0,2.000297369275774,2.4971170669492253e-05,1.9988554678644452,-1.5726101604741417e-05,100000
3.671158600001945,2.0,2.000320659705571,2.2816589058493274e-05,1.9988609279905047,-1.554559697823215e-05,100000
3.7320360000012442,2.0,2.0003166471208846,2.4227127746209075e-05,1.9988708511420659,-1.2180552347672329e-05,100000
3.792818999994779,2.0,2.000319766998291,2.0582872934547997e-05,1.9988527917861938,-1.5937259434654796e-05,100000
3.8529204999940703,2.0,2.000315869876317,2.0727689723051818e-05,1.9988559143883842,-1.4254679603254751e-05,100000
3.913778599991929,2.0,2.00030873298645,1.9406429015361942e-05,1.9988387462071011,-1.1211318458923143e-05,100000
3.9738047999999253,2.0,2.000319207395826,1.9439632219083646e-05,1.9988590334142957,-1.4565430841035503e-05,100000
4.033570300001884,2.0,2.000315979208265,2.3193988011501355e-05,1.9988604852131435,-9.629143285824922e-06,100000
4.093957000004593,2.0,2.000324558530535,1.937332884439718e-05,1.9988633811473846,-1.6884502152736652e-05,100000
4.1534193999978015,2.0,2.000319884163993,2.257191220737047e-05,1.998866615125111,-1.0664882350543587e-05,100000
4.213732100004563,2.0,2.000324224403926,1.987283147328916e-05,1.9988681755747113,-1.4331217069671505e-05,100000
4.2738399999943795,2.0,2.0003196593693326,2.153906936031751e-05,1.9988573615891594,-1.3505583873666159e-05,100000
4.333669600004214,2.0,2.0003134151867457,1.8217924042671405e-05,1.9988638285228184,-1.3207247870013791e-05,100000
4.393826999992598,2.0,2.000322220666068,2.0484011085240394e-05,1.998859258719853,-1.6563135744945595e-05,100000
4.453826400000253,2.0,2.0003117418289182,2.11613219253195e-05,1.9988588108335223,-1.3975254660571006e-05,100000
4.51480960000481,2.0,2.0003220002991813,1.5951592587043722e-05,1.9988536858558654,-1.5680115929821365e-05,100000
4.579108699996141,2.0,2.0003348210879737,1.6296141636693023e-05,1.9988714098930358,-1.620416791580021e-05,100000
4.6482298000046285,2.0,2.000326793534415,2.5226869627139036e-05,1.9988608176367624,-9.080044621961333e-06,100000
4.717746700000134,2.0,2.0003327005250116,1.6818460038069014e-05,1.9988648326056344,-2.0151437526562524e-05,100000
4.7917177000053925,2.0,2.000329136507852,2.290514242070328e-05,1.998871741294861,-2.0808385820341097e-05,100000
4.857820000004722,2.0,2.000316312653678,1.6929484888740786e-05,1.9988524576595852,-1.3684845766614919e-05,100000
4.92540100000042,2.0,2.0003334821973526,1.9350491087477306e-05,1.9988716309411185,-1.4665493154487701e-05,100000
4.998358400000143,2.0,2.0003326974596294,2.654823316749702e-05,1.9988759776524134,-1.8758848126058816e-05,100000
5.071330000006128,0.0,0.005297494996671698,-0.00015121880765692756,0.0032183152264250174,-0.00015732092457424834,100000
5.1752389000030234,0.0,0.0035796772030049135,-0.00014743476437589767,0.0014932987110556236,-0.000144902485469694,100000
5.2443248000054155,0.0,0.003582464418640094,-0.00013805755488686242,0.0014917383176673736,-0.00013348733232864367,100000
5.30733290000353,0.0,0.0035821299527638724,-0.0001312487394002346,0.0014876144148209798,-0.00012551679050284292,100000
5.373989100000472,0.0,0.0035801231578391577,-0.00011609738689594449,0.0014891748125332276,-0.00011139276724251039,100000
5.446484400003101,0.0,0.003584917168399053,-0.00010711050576290809,0.0014932987080620867,-0.00010483797136436935,100000
5.518518600001698,0.0,0.003585363123565912,-9.944339546895467e-05,0.0014934101664195103,-9.24529746450519e-05,100000
5.588836599999922,0.0,0.00358424823664661,-9.051172313944073e-05,0.0014917383156716824,-8.132765823094294e-05,100000
5.658660300003248,0.0,0.0035810150665098,-7.813476907332576e-05,0.0014871685888751278,-7.361351090795712e-05,100000
5.729943700003787,0.0,0.003581572509304221,-7.295835623582596e-05,0.001493298708893625,-7.019119414027435e-05,100000
5.802265499994974,0.0,0.0035840252600610255,-6.8159828946591e-05,0.0014850509096868336,-6.422722104006034e-05,100000
5.872827600003802,0.0,0.0035833563269781214,-5.8395421075601916e-05,0.0014934101684152016,-5.7349144581556684e-05,100000
5.943112699998892,0.0,0.0035851401459824827,-5.31175632945633e-05,0.0014873915004344391,-5.1931405277822954e-05,100000
6.018460699997377,0.0,0.0035816839985948587,-4.6029592635997164e-05,0.0014859425637405365,-4.508677107008095e-05,100000
6.092119599998114,0.0,0.0035794542264193296,-3.9131929773832634e-05,0.0014940789077497487,-4.0148378685574105e-05,100000
6.166735899998457,0.0,0.0035841367483538176,-3.371077268353212e-05,0.0014876144148209798,-3.337141572735291e-05,100000
6.240315999995801,0.0,0.003584025259395795,-2.6968781407699007e-05,0.0014924070561703826,-3.120923575261256e-05,100000
6.312999400004628,0.0,0.003579788691962936,-2.335818735614987e-05,0.0014941903634462506,-2.2939456317674597e-05,100000
6.3862977999961,0.0,0.003578785294334271,-1.986063764927945e-05,0.0014926299688938472,-1.996125623502718e-05,100000
6.460088199994061,0.0,0.0035786738047110184,-1.8959860303506743e-05,0.001490177920287741,-1.541595908786673e-05,100000
6.531725399996503,0.0,0.003583244839683175,-1.4617847677722475e-05,0.0014908466614516717,-1.7732773210419884e-05,100000
6.600086999998894,0.0,0.003576332544575312,-6.164258949086475e-06,0.0014901779207866638,-7.744029895028279e-06,100000
6.671688799993717,0.0,0.0035795657147121218,-9.817823798065155e-06,0.0014898435502046985,-9.639035475759409e-06,100000
6.741769300002488,0.0,0.0035785623170834567,-2.5432980384201484e-06,0.0014918497728649528,-4.476499034743544e-06,100000
6.81201819999842,0.0,0.003580346134757357,-2.1875777949519775e-06,0.0014916268588110273,-2.216030851091735e-06,100000
6.878745499998331,0.0,0.003576332544242697,-5.685904056008424e-06,0.001490400835006897,-3.898800800016016e-06,100000
6.942164199994295,0.0,0.003577781896040376,-1.4762479035458197e-06,0.0014880602432614457,1.047633078087544e-06,100000
7.012031099991873,0.0,0.003578673805376249,3.2331798572938543e-06,0.0014934101675836634,2.877274546595561e-06,100000
7.086803500002134,0.0,0.0035832448393505597,6.810166273291032e-06,0.0014892862630741938,7.603659247251937e-06,100000
7.160997700004373,0.0,0.0035853631222354516,5.044336967590171e-06,0.001489843552034082,9.096805395659313e-06,100000
7.235848500000429,0.0,0.0035826873955582933,8.287071002152017e-06,0.0014911810298716384,7.136879501688662e-06,100000
7.309672300005332,0.0,0.0035855861008167265,1.1353360975980279e-05,0.0014887289830949157,1.4491414954396277e-05,100000
7.381116999997175,0.0,0.0035855861001514965,1.1541827268436998e-05,0.0014928528827814651,1.814748872571467e-05,100000
7.453633400000399,0.0,0.003579788691962936,1.795145963270835e-05,0.0014937445365025529,1.4168487829010725e-05,100000
7.523241000002599,0.0,0.003586366520861962,1.728479373170038e-05,0.0014907352049236319,1.2997862070863341e-05,100000
7.588793899994926,0.0,0.0035804576233827642,2.087259076454629e-05,0.0014930757948396994,1.976361330201015e-05,100000
7.660326099998201,0.0,0.0035831333507251525,2.0239539477188393e-05,0.0014905122936969357,1.9062556226344906e-05,100000
7.730362500005867,0.0,0.0035780048739564208,2.6814868707983157e-05,0.0014882831564838332,2.116462564143669e-05,100000
7.800992399992538,0.0,0.00358023464613195,2.4460268683469644e-05,0.0014931872536960457,2.0366231138723383e-05,100000
7.871600800004671,0.0,0.0035770014766603707,2.863677395414146e-05,0.0014896206381464644,2.4455769467749658e-05,100000
7.938601300003938,0.0,0.003576778498744326,2.2282970605764233e-05,0.0014839363430759736,2.5025109144085695e-05,100000
8.00784219999332,0.0,0.0035794542264193296,2.530440116087058e-05,0.0014834905149681227,2.5012415398642984e-05,100000
8.084287399993627,0.0,0.0035772244529133396,2.7614986810346786e-05,0.0014918497715344918,2.7835335029651896e-05,100000
8.160892600004445,0.0,0.0035770014766603707,2.7148241857503322e-05,0.0014896206364833882,3.0037339174279114e-05,100000
8.230400999993435,0.0,0.003573433838984264,2.7059585854918383e-05,0.0014885060685420675,2.43329046506915e-05,100000
8.300495499992394,0.0,0.0035746602145289735,2.5060254682882403e-05,0.0014871685892077428,2.7777429193000518e-05,100000
8.374338299996452,0.0,0.003584025258730565,3.293492625867399e-05,0.0014867227622640453,3.146155909455828e-05,100000
8.44857619999675,0.0,0.0035685283404641916,2.795930800753664e-05,0.0014892862685623445,3.882890262009045e-05,100000
8.521178900002269,0.0,0.0035748831921124033,2.845908457623281e-05,0.0014863883920146952,3.540726941043562e-05,100000
8.594548599998234,0.0,0.0035743257489853674,2.9392215885049413e-05,0.0014860540215990373,3.3602598661413406e-05,100000
8.668586700005108,0.0,0.0035755521235322314,3.660080810108672e-05,0.0014822644901661469,3.2225734424953006e-05,100000
8.73860589999822,0.0,0.0035725419306462365,3.10581793554385e-05,0.001485050909520526,3.421053997850063e-05,100000
8.808355400004075,0.0,0.0035746602145289735,3.128040102663883e-05,0.0014832676000826593,3.7872906556653374e-05,100000
8.882124299998395,0.0,0.003576889987369733,3.066966715674168e-05,0.0014906237473977463,3.473817131076171e-05,100000
8.949595099998987,0.0,0.003572876396855073,3.151355925989005e-05,0.0014864998488753503,3.142200160735749e-05,100000
9.013532600001781,0.0,0.0035814610213440443,3.463476589682355e-05,0.00148048118488597,3.446062123813527e-05,100000
9.084352100006072,0.0,0.003573433837653803,3.692311908863694e-05,0.0014842707126600935,3.608087995962706e-05,100000
9.158899599991855,0.0,0.003573322351024087,3.412394946956609e-05,0.001483267601912043,3.340421050545827e-05,100000
9.233191199993598,0.0,0.003574325748320137,3.453503675336834e-05,0.0014895091819510397,3.8045880956165756e-05,100000
9.309476199996425,0.0,0.0035735453282749016,3.682309853268506e-05,0.001488506070870374,3.519211381925354e-05,100000
9.374935400002869,0.0,0.003572207465435245,3.1324986145981335e-05,0.0014867227615988148,3.6242920800369976e-05,100000
9.443078700001934,0.0,0.0035714270430617034,3.90225733036849e-05,0.0014870571311829345,3.558550511531525e-05,100000
9.51536269999633,0.0,0.0035770014759951402,3.370190957243074e-05,0.0014810384680250925,3.4383867913545285e-05,100000
9.580407600005856,0.0,0.003574325748320137,3.2502194414908985e-05,0.0014822644890019937,3.653617032952234e-05,100000
9.649437200001557,0.0,0.003574771703819611,3.282457437463955e-05,0.0014822644895009164,3.735210118351722e-05,100000
9.72339379999903,0.0,0.0035761095673244978,3.808925457529508e-05,0.0014833790594379285,3.8580011692179803e-05,100000
9.790717399999266,0.0,0.0035766670101189187,3.250217748791329e-05,0.0014838248858827033,3.7878586306240854e-05,100000
9.85747220000485,0.0,0.003577447430164154,3.969972558375698e-05,0.0014912924892269074,4.2753800749129116e-05,100000
9.927988399998867,0.0,0.003572541931311467,4.206590645636815e-05,0.0014863883910168495,3.997092906073314e-05,100000
10.003240299993195,0.0,0.0035735453282749016,3.531265992049679e-05,0.0014841592564646686,4.210784900507342e-05,100000
10.075204799999483,2.0,1.9984770758662904,0.00022126659753692886,1.996950895190239,0.0001794548696394226,100000
10.169062300003134,2.0,2.0003355983325415,0.00020515953962032136,1.9988705171857561,0.00016755723486533368,100000
10.241676199992071,2.0,2.0003652576037814,0.0001960070534150873,1.9988874588693892,0.0001577878116147206,100000
10.312188199997763,2.0,2.0003583461897714,0.0001815000659361041,1.9988812160491944,0.00014510865043796783,100000
10.3830014999985,2.0,2.000347304344177,0.00017792380483660965,1.998881551197597,0.0001337233995506852,100000
10.447762900003,2.0,2.0003364859308514,0.00016796008126766538,1.998872745377677,0.0001243851988000253,100000
10.513133100001141,2.0,2.000349975654057,0.00015363119368131658,1.9988913607597352,0.0001171894766011974,100000
10.57980829999724,2.0,2.0003326978002276,0.0001481220078666021,1.998871406827654,0.0001101421594112253,100000
10.647490400006063,2.0,2.0003507610729763,0.00014345640584932493,1.9988994981561388,0.00010113067949428765,100000
10.72478659999615,2.0,2.000338499886649,0.00013355987560342847,1.9988887970788138,9.599204582783777e-05,100000
10.795805699992343,2.0,2.0003418374061583,0.0001265618654532383,1.9988729682990483,8.380071661927755e-05,100000
10.870497199997772,2.0,2.000342732157026,0.00011809793506888257,1.9988819968700409,8.738908148214772e-05,100000
10.943617600001744,2.0,2.0003368244852338,0.00011587638243872788,1.998882554939815,7.703062343768711e-05,100000
11.008152199996402,2.0,2.0003366007123673,0.00010494651187816222,1.9988749745913914,6.918903331838271e-05,100000
11.07697239999834,2.0,2.000343851361956,0.00010233613927630362,1.9988903605937958,6.925163303250365e-05,100000
11.150777100003324,2.0,2.0003461929730006,0.00010269151618194882,1.9988707399368286,5.976209508610608e-05,100000
11.225720500005991,2.0,2.0003547722952706,9.502742271277903e-05,1.9988719655786242,5.5235618428534005e-05,100000
11.299611299997196,2.0,2.000354107788631,9.139497268759964e-05,1.9988813289574214,5.002177884593299e-05,100000
11.370705699999235,2.0,2.0003488608769007,8.761822407281475e-05,1.9988652782780783,4.678382232889689e-05,100000
11.444936800005962,2.0,2.0003416218076433,8.409717628663724e-05,1.9988740835871015,3.949798868909837e-05,100000
11.519421399993007,2.0,2.000357781478337,7.530011730549246e-05,1.9988921420914787,3.934317593536566e-05,100000
11.592845199993462,2.0,2.0003567828450883,7.481127590861956e-05,1.998874418735504,3.657771887472857e-05,100000
11.667560200003209,2.0,2.0003438476153783,6.86689356594538e-05,1.9988671737057822,3.0954169745980064e-05,100000
11.73976219999895,2.0,2.0003432846069336,6.73248375320067e-05,1.9988716300896237,2.5591672875634706e-05,100000
11.80675039999187,2.0,2.0003234454563685,6.394805182052165e-05,1.9988648302214487,2.265359660889643e-05,100000
11.872881200004485,2.0,2.000330355507987,6.27262238428687e-05,1.9988700708321163,2.6759180102479675e-05,100000
11.944671699995524,2.0,2.000335484232221,6.061573099317943e-05,1.9988676169940403,2.5521934405722802e-05,100000
12.01496380000026,2.0,2.000352770941598,5.685046800759405e-05,1.9988677299022675,2.121130694337939e-05,100000
12.087298500002362,2.0,2.0003357093674796,5.218478017559393e-05,1.9988730801854815,2.0197660404716925e-05,100000
12.157979399999022,2.0,2.0003489759990147,4.9385901554550025e-05,1.9988756440367017,1.15605932851395e-05,100000
12.231216300002416,2.0,2.0003352618217467,5.051909026172196e-05,1.9988749751022883,9.987436216501273e-06,100000
12.302603699994506,2.0,2.0003370462145122,4.9608003437502456e-05,1.9988631582260132,1.2732017864826588e-05,100000
12.373246400005883,2.0,2.000331471306937,4.1399513831233246e-05,1.998860263143267,8.093240989702672e-06,100000
12.445611899995129,2.0,2.0003227816309246,4.901939938749172e-05,1.9988728572641101,5.418207203937149e-06,100000
12.517991300002905,2.0,2.000314974103655,5.03187237040298e-05,1.9988654974528721,5.293961594621331e-06,100000
12.588574399997015,2.0,2.000328464848655,4.666441697242721e-05,1.998870963539396,2.2639015283597926e-06,100000
12.663744199991925,2.0,2.00035142319543,4.0333040058093136e-05,1.998888350554875,-6.322208580188614e-07,100000
12.735197899994091,2.0,2.0003305785996575,4.1110765244541526e-05,1.9988744175434112,-4.3121882429522813e-08,100000
12.807016699996893,2.0,2.0003432866505215,4.3010281979409884e-05,1.9988788752896445,8.915405139435148e-07,100000
12.882300199999008,2.0,2.0003368244852338,3.4879100714273865e-05,1.9988727462291718,2.0388823967161843e-07,100000
12.958857399993576,2.0,2.000340948786054,3.520161764780435e-05,1.9988650529725212,-2.630483043113965e-06,100000
13.0240119999944,2.0,2.0003308071408954,2.996971229575658e-05,1.998848557642528,-3.930265770317671e-06,100000
13.087249100004556,2.0,2.00033949477332,3.391283564685313e-05,1.998868396963392,-6.2819305163169835e-06,100000
13.157824900001287,2.0,2.000344964436122,3.0136167904012333e-05,1.9988652786186762,-5.637346819899636e-06,100000
13.224595499996212,2.0,2.0003342601231164,3.0413950664037016e-05,1.9988718545436859,-4.689685395793013e-06,100000
13.29558000000543,2.0,2.0003308085032874,3.367984826835321e-05,1.998869958264487,-7.253674496106598e-06,100000
13.366024000002653,2.0,2.0003418394497463,3.410202581134012e-05,1.9988856758390154,-1.1365242193928023e-05,100000
13.432140000004438,2.0,2.0003246750150407,3.1202561608162295e-05,1.9988590347766877,-6.3170849467236874e-06,100000
13.498982299992349,2.0,2.0003422897202627,3.443499383813886e-05,1.9988852305071694,-9.295463070754632e-06,100000
13.570261600005324,2.0,2.0003402822358267,2.5337895423685318e-05,1.9988715178625924,-9.674368046944418e-06,100000
13.642232600002899,2.0,2.000345517567226,2.8037061281273583e-05,1.9988638288634164,-1.0786225212021735e-05,100000
13.715842799996608,2.0,2.0003439555849347,2.9359029401738166e-05,1.9988731910501207,-1.1699670269600942e-05,100000
13.790283499998623,2.0,2.000348084313529,2.9114420452190512e-05,1.998873302936554,-9.705768572400427e-06,100000
13.864655099998345,2.0,2.0003388357162475,3.112468799008639e-05,1.9988658366884504,-1.0016381062216944e-05,100000
13.941001099999994,2.0,2.00033415385655,2.4504991440543197e-05,1.9988738596439362,-9.315830419836846e-06,100000
14.01146969999536,2.0,2.0003312492370604,2.7548358091215576e-05,1.9988730788230895,-8.166701189371177e-06,100000
14.079312300003949,2.0,2.0003339232717243,2.7436916463297436e-05,1.9988673942429678,-1.4165308523453324e-05,100000
14.150173999994877,2.0,2.000342621803284,2.5648739352618593e-05,1.998872411251068,-1.3907265384789598e-05,100000
14.22124569999869,2.0,2.0003445175715857,2.7803851944814355e-05,1.9988648312432424,-9.20593965318922e-06,100000
14.295392400003038,2.0,2.0003439593315124,2.595975408985397e-05,1.99886159828731,-1.2102809922907902e-05,100000
14.372517499999958,2.0,2.000350090435573,2.808145814560704e-05,1.9988750856263298,-1.6002649175788958e-05,100000
14.444063699993421,2.0,2.0003353776250568,2.6381999862808587e-05,1.998865612574986,-1.1566457072409046e-05,100000
14.512687299997197,2.0,2.000330914088658,2.2838530054286826e-05,1.998862933601652,-1.4243950863341778e-05,100000
14.584206500003347,2.0,2.0003421773229326,2.4115759278044743e-05,1.9988712983472006,-1.6628601946649702e-05,100000
14.657762499991804,2.0,2.000326679434095,2.361623938434477e-05,1.998865946190698,-1.8792138772498977e-05,100000
14.724276099994313,2.0,2.0003195456096106,1.8540081555589236e-05,1.9988715200764793,-1.3204598433990843e-05,100000
14.795327999992878,2.0,2.000341283253261,2.3493952362124628e-05,1.9988751990454539,-1.6102977508645767e-05,100000
14.866141499995138,2.0,2.0003344883237566,2.5993436789576682e-05,1.9988686200550625,-1.7975776560758396e-05,100000
14.938229999999749,2.0,2.000349641868046,2.457141465285012e-05,1.9988773143291474,-1.586989180694736e-05,100000
15.011115899993456,2.0,2.0003439620562964,2.4549438931249567e-05,1.9988838924680437,-1.8566599715476117e-05,100000
15.079585400002543,0.0,0.005290582696241992,-0.0001582606467066268,0.0032176464870904706,-0.00015184744843190856,100000
15.164870699998573,0.0,0.0035842482373118403,-0.00014887690987448615,0.0014891748100386135,-0.0001420041066315077,100000
15.236386299991864,0.0,0.003580346134757357,-0.00013025784978617594,0.0014948591049427965,-0.00012473645786264696,100000
15.304100900000776,0.0,0.0035815725099694515,-0.00012504008635401726,0.0014880602414320623,-0.00012325382487857233,100000
15.373388799998793,0.0,0.003580680600966194,-0.00010660886020663642,0.001489063355007342,-0.00010999931582682617,100000
15.448115699997288,0.0,0.0035742142596947297,-9.741238927784121e-05,0.001494301820639521,-9.911924607786202e-05,100000
15.520219600002747,0.0,0.0035746602145289735,-9.057671006439703e-05,0.001487057132679703,-8.884114843086925e-05,100000
15.590800100006163,0.0,0.0035729878851478653,-8.180200802670305e-05,0.0014883946131781808,-8.27322578273067e-05,100000
15.66571390000172,0.0,0.00357243044268606,-7.501176514201037e-05,0.0014863883905179265,-7.209743580889543e-05,100000
15.740601600002265,0.0,0.003578450828125434,-6.55589215535396e-05,0.0014882831564838332,-7.01131606979938e-05,100000
15.81555389999994,0.0,0.003573879794483738,-6.534748683251175e-05,0.0014818186642202948,-6.329082181153871e-05,100000
15.884977199995774,0.0,0.003575106168697987,-5.877170915294169e-05,0.0014838248857163957,-5.851964356004048e-05,100000
15.95645820000209,0.0,0.003571538533350187,-4.5130566475498694e-05,0.001482153033139184,-5.294583748543247e-05,100000
16.029841499999748,0.0,0.0035765555211608965,-4.004294128441999e-05,0.001484827996131831,-4.237790102615689e-05,100000
16.100707599995076,0.0,0.003575217657988625,-3.767696097845276e-05,0.0014879487840724842,-3.9055912222335916e-05,100000
16.170071999993525,0.0,0.003572430441355599,-4.371882560826634e-05,0.0014873915044258217,-4.1264077922018505e-05,100000
16.232673499995144,0.0,0.0035694202498000645,-3.1102200514786607e-05,0.0014854967382936072,-3.426397313277058e-05,100000
16.30216300000029,0.0,0.003575886589408453,-2.7757142021852936e-05,0.001478474963057254,-3.206635893327205e-05,100000
16.377243900002213,0.0,0.0035737683061909465,-2.3292185675148034e-05,0.001479032244699608,-2.4531283039453094e-05,100000
16.444311500003096,0.0,0.0035732108623986797,-2.292627149868816e-05,0.0014786978746165655,-2.144423149444004e-05,100000
16.513830800002324,0.0,0.003573991283441761,-1.603892254973158e-05,0.0014832675994174288,-1.3552570479337823e-05,100000
16.585958700001356,0.0,0.0035722074641047845,-1.207276823775568e-05,0.00148638839168208,-6.6618117941418735e-06,100000
16.660933399994974,0.0,0.0035762210552846745,-8.485005026743993e-06,0.0014810384671935545,-6.562231218595102e-06,100000
16.734423400004744,0.0,0.003578673805708864,-2.875661316855771e-06,0.001474351062372859,-5.077988426299771e-06,100000
16.804702499997802,0.0,0.0035771129642879324,-2.075856782279763e-06,0.0014852738222439906,1.2464074903369322e-08,100000
16.875225099996896,0.0,0.0035716500216429786,1.0787232573160766e-06,0.0014783635042009077,1.1291401099567538e-06,100000
16.946760999999242,0.0,0.0035767784990769413,4.679733202205439e-07,0.0014785864172569875,4.215545911132989e-06,100000
17.01741729999776,0.0,0.003577558918789561,2.6891609308482653e-06,0.0014808155534722443,4.4931708059396495e-06,100000
17.088431500000297,0.0,0.003576889987369733,5.233057201751632e-07,0.0014808155551353204,7.680982422243689e-06,100000
17.151711300000898,0.0,0.0035749946804051955,-2.643198818792086e-06,0.0014830446901864238,7.458296704109153e-06,100000
17.220319500003825,0.0,0.003571315555766757,6.98807803304851e-06,0.001478920788171568,1.2573631000252933e-05,100000
17.293736499996157,0.0,0.0035745487259035663,1.2297542851359033e-05,0.0014854967389588377,1.5204810079272405e-05,100000
17.363186599992332,0.0,0.00358023464613195,9.431475955612526e-06,0.001483713430352509,1.7802102711617155e-05,100000
17.434438900003443,0.0,0.0035710925788485577,1.4707691813847698e-05,0.0014789207885041833,1.544894184488452e-05,100000
17.504527199998847,0.0,0.003575217656325549,1.2985842277235613e-05,0.0014822644914966076,1.807220585461829e-05,100000
17.569420300002093,0.0,0.003572653419936874,1.4752117749204847e-05,0.0014834905149681227,1.8536805903879994e-05,100000
17.63745639999979,0.0,0.0035679708953414643,1.989511514849645e-05,0.0014837134288557406,2.4088887843260788e-05,100000
17.711688600000343,0.0,0.0035714270447247793,2.1449876857527035e-05,0.0014824874042200723,2.101364276664496e-05,100000
17.784315500000957,0.0,0.0035745487259035663,2.0416970896414063e-05,0.0014799238977554654,2.633497392603854e-05,100000
17.85329489999276,0.0,0.0035744372379433896,2.603738814572614e-05,0.001483824885217473,2.4747028676886534e-05,100000
17.92197139999189,0.0,0.003570423646430884,2.0416884955661122e-05,0.001488060240267909,2.6061050748726964e-05,100000
17.993210899992846,0.0,0.003568305362215532,2.146098935840461e-05,0.001478029134616788,2.770098092137884e-05,100000
18.069089600001462,0.0,0.0035737683051931006,2.807026445251335e-05,0.001484827996963369,2.8237143832354522e-05,100000
18.141071000005468,0.0,0.0035785623170834567,3.166927218080674e-05,0.0014851623650507203,2.6439563177908505e-05,100000
18.21608319999359,0.0,0.0035753291459488016,2.919180971691407e-05,0.0014860540196033462,3.2308803849186274e-05,100000
18.287288999999873,0.0,0.003572207465435245,2.908128604784519e-05,0.0014831561458829258,2.3305690192111276e-05,100000
18.351447099994402,0.0,0.0035764440328681043,2.4193650535120744e-05,0.0014824874057168408,3.0610748946596045e-05,100000
18.41531159999431,0.0,0.0035729878858130957,2.7170696964666236e-05,0.0014891748100386135,2.7365689416910773e-05,100000
18.480334899999434,0.0,0.0035754406345742088,2.799251120606122e-05,0.0014877258713490197,2.9571599896501417e-05,100000
18.546288199999253,0.0,0.003570646624346929,2.8436783785634496e-05,0.0014822644926607608,3.610028492169348e-05,100000
18.616519300005166,0.0,0.0035697547146784406,3.5867940768054876e-05,0.001482598861745958,3.933340919723249e-05,100000
18.691743300005328,0.0,0.003568305362215532,3.2346772601158605e-05,0.001488060242762523,4.033674639971912e-05,100000
18.768866099999286,0.0,0.003573433839316879,3.220269864505099e-05,0.0014880602449245219,3.7312116359836586e-05,100000
18.843805099997553,0.0,0.003575106169695833,3.993324899732086e-05,0.0014837134296872786,3.652397041501641e-05,100000
18.9165834000014,0.0,0.003570200667849609,3.0113854582201134e-05,0.0014854967364642236,4.152889292098346e-05,100000
18.985615300000063,0.0,0.003572653419936874,3.4279526074117606e-05,0.001481595749501139,3.6987196591975856e-05,100000
19.05359209999733,0.0,0.0035719844878518156,3.135829153143278e-05,0.0014861654767966163,3.210901982414986e-05,100000
19.121261799999047,0.0,0.0035683053618829163,3.501282117369036e-05,0.0014873915004344391,3.507716495434061e-05,100000
19.1852460999944,0.0,0.0035735453286075167,2.891427695976746e-05,0.0014922955994760353,3.2117797365961985e-05,100000
19.253364799995325,0.0,0.0035717615096031554,2.9369931680711106e-05,0.001487614415153595,3.7446433411397666e-05,100000
19.32579980000446,0.0,0.0035667445214598308,3.427935472791435e-05,0.0014849394531587937,3.521754475475194e-05,100000
19.38784470000246,0.0,0.0035745487262361817,2.8836660510413447e-05,0.0014846050829094436,3.2720466505322434e-05,100000
19.455446799998754,0.0,0.0035717615092705404,3.086955413397977e-05,0.0014854967372957618,4.095492737139597e-05,100000
19.522050400002627,0.0,0.003571872998561178,3.0058676453336396e-05,0.00148605402209796,3.561127276004431e-05,100000
19.586901500006206,0.0,0.0035732108623986797,3.165737150694832e-05,0.0014873915014322848,3.7349742943011485e-05,100000
19.657041200000094,0.0,0.003568862805675183,3.4501611336703984e-05,0.0014859425629089986,3.8895230558279905e-05,100000
19.72729399999662,0.0,0.003570758112972336,3.422405571421093e-05,0.0014847165407679444,3.27604259144729e-05,100000
19.793087099998957,0.0,0.003571984487186585,3.343547965310533e-05,0.001484939452659871,3.1861845725351105e-05,100000
19.860901799998828,0.0,0.003572541930313621,3.740064674691114e-05,0.001479812442724194,4.1237255684271605e-05,100000
19.92931310000131,0.0,0.003572207465435245,3.1980322649490406e-05,0.0014868342174616243,3.476486650366237e-05,100000
19.99782829999458,0.0,0.003575998079031706,3.309102109882848e-05,0.0014833790599368512,4.5572105937935714e-05,100000
20.073875799993402,2.0,1.9984690517187118,0.00021653462443698248,1.9969644967147282,0.00017997902538900235,100000
20.1717467999988,2.0,2.000344740322658,0.00020981362266372477,1.9988804376125335,0.00016585830437855164,100000
20.248143699995126,2.0,2.000343289375305,0.00019507399107585244,1.9988925862312317,0.00015065861256997388,100000
20.319994999998016,2.0,2.0003350404330664,0.0001760133366057874,1.9988739711897714,0.0001439493482260202,100000
20.388239499996416,2.0,2.0003358210836137,0.00017019294726352592,1.998875196150371,0.00013140870300399653,100000
20.458162599999923,2.0,2.000348308426993,0.00016362806900776508,1.998867060627256,0.00012435407917785467,100000
20.526160399997025,2.0,2.0003397250175476,0.00015745240562111058,1.9988838938304356,0.00011631590931392567,100000
20.591605099994922,2.0,2.000318765640259,0.0001455557908271398,1.9988620463439397,0.00010940365003495704,100000
20.6532814999955,2.0,2.0003260101590836,0.0001413570373775396,1.9988699603080748,9.894651875479862e-05,100000
20.72123179999471,2.0,2.00034763778959,0.00013419306504563013,1.9988867904458727,9.320415557756081e-05,100000
20.79545170000347,2.0,2.0003435117857795,0.00012488464157701988,1.9988784285954067,8.455519022611823e-05,100000
20.868215800001053,2.0,2.0003478588376726,0.00011612075089059156,1.998866056885038,7.700278107573209e-05,100000
20.943689099993207,2.0,2.000350206920079,0.00011064468296899578,1.9988803257261003,7.108340973991291e-05,100000
21.015889200003585,2.0,2.000343401772635,0.0001086342103803223,1.9988711850983756,7.283009806958165e-05,100000
21.08869330000016,2.0,2.000349870409284,0.00010491306878092084,1.9988889064107622,6.22997735642587e-05,100000
21.16407280000567,2.0,2.0003548860549927,9.250587730899238e-05,1.9988730789933886,5.593908481737995e-05,100000
21.23220030000084,2.0,2.0003311364991325,9.634915149061792e-05,1.9988702929019928,5.077748238909409e-05,100000
21.301845399997546,2.0,2.000335818018232,9.155060031740248e-05,1.9988847846644264,5.032191521773453e-05,100000
21.37864670000272,2.0,2.0003320326123917,9.023975731802891e-05,1.9988838922977448,4.5370259320537e-05,100000
21.450404400005937,2.0,2.000340165070125,8.183146694032726e-05,1.9988865678650993,3.86625516651163e-05,100000
21.53650469999411,2.0,2.000318877696991,7.056814320250331e-05,1.998849674292973,3.256328344143965e-05,100000
21.598251200004597,2.0,2.0003284679140365,7.09458040899855e-05,1.9988789881978717,2.725358034786043e-05,100000
21.668377399997553,2.0,2.0003567828450883,6.743565745013515e-05,1.998884562424251,2.9470952857211957e-05,100000
21.744325799998478,2.0,2.0003538840157646,6.492545962464647e-05,1.998885452406747,2.52579672902097e-05,100000
21.819040100002894,2.0,2.0003308050973074,6.159330979270248e-05,1.998874865089144,2.9307289513001594e-05,100000
21.890115300004254,2.0,2.000345071043287,5.7661053830088366e-05,1.9988857870442527,2.5649592861425085e-05,100000
21.960176099993987,2.0,2.0003361565726143,5.543955217321387e-05,1.9988837822846004,2.5904148345814217e-05,100000
22.027917600004002,2.0,2.0003553336007256,6.0882383801072145e-05,1.9988857860224587,2.411176712965765e-05,100000
22.100133100000676,2.0,2.000343849999564,4.947443219238527e-05,1.9988832218306405,1.6219090742327242e-05,100000
22.17198699999426,2.0,2.0003427294322425,5.19184357123907e-05,1.9988769829273223,1.6811118923604754e-05,100000
22.244038699995144,2.0,2.0003550001553125,4.638677644990303e-05,1.9988783201149531,1.5426140238430133e-05,100000
22.31868260000192,2.0,2.000355668749128,3.770042898811101e-05,1.9988794345515115,1.3823457623532594e-05,100000
22.386747500000638,2.0,2.0003479746409827,5.1018884141675324e-05,1.9988792097568513,1.2840260788185093e-05,100000
22.45673390000593,2.0,2.0003545492036,4.554286707934808e-05,1.998879657643182,7.167964089473708e-06,100000
22.525409499998204,2.0,2.0003462988989695,4.277686623442735e-05,1.998867506469999,1.1939966485442711e-05,100000
22.594608700004756,2.0,2.0003480853353226,4.1699250059796866e-05,1.9988833340576717,5.208114474823699e-06,100000
22.66958539999905,2.0,2.000334485258375,4.101067725735319e-05,1.998878095320293,1.4645446906018248e-06,100000
22.7426337999932,2.0,2.0003380499567305,3.822266598321481e-05,1.9988770939622607,2.901014741837584e-06,100000
22.81437599999481,2.0,2.0003357103892734,3.804506368812458e-05,1.99888300044196,-3.989947145263212e-06,100000
22.883299799999804,2.0,2.0003434000696454,3.4468339525899104e-05,1.9988832233633314,-1.5040928712031505e-06,100000
22.954472700002952,2.0,2.0003390513147625,3.741197701362712e-05,1.998883671249662,-4.733604220616259e-06,100000
23.025242200004868,2.0,2.0003448503358023,3.5068119678076745e-05,1.9988844491754258,-4.333261018213419e-07,100000
23.097977700002957,2.0,2.000332473346165,3.562369236429473e-05,1.9988934782573156,7.842492325705469e-07,100000
23.173848499995074,2.0,2.000341510772705,3.5945677520170916e-05,1.998883112158094,-3.051625662917317e-08,100000
23.239208300001337,2.0,2.000335487297603,2.9936286172284918e-05,1.9988815518787928,-4.645970080153854e-06,100000
23.302431000003708,2.0,2.0003445168903897,3.1191728060678416e-05,1.9988915829999105,-1.137750494997037e-05,100000
23.374735000004875,2.0,2.0003405026027132,3.146924871180092e-05,1.9988866773673466,-1.0775838390795133e-05,100000
23.439082099997904,2.0,2.0003429579734804,3.0269704617239777e-05,1.998880102293832,-9.293154920669616e-06,100000
23.501653400002397,2.0,2.0003556667055404,2.8337088506564867e-05,1.998882555450712,-6.785526052616246e-06,100000
23.567705099994782,2.0,2.0003534364700317,2.9214510137535413e-05,1.9988893525941032,-6.461344830833163e-06,100000
23.63910109999415,2.0,2.000352988924299,3.0480733586695614e-05,1.998894259589059,-7.788392545470332e-06,100000
23.707181999998284,2.0,2.000338385105133,2.5582195407488544e-05,1.9988819992542266,-1.3026236341829645e-05,100000
23.776400000002468,2.0,2.0003517634528025,2.610441118148241e-05,1.9988766472680228,-1.0775014308040082e-05,100000
23.851195800001733,2.0,2.0003450751304626,2.6681976042060106e-05,1.9988936987945012,-1.6594111786097073e-06,100000
23.923205300001428,2.0,2.000340615000044,2.5237806446447005e-05,1.998879210097449,-1.1455323242833899e-05,100000
23.992953499997384,2.0,2.0003555522646224,2.664855035514589e-05,1.9988862323760985,-9.11585859194019e-06,100000
24.065694899996743,2.0,2.000342397689819,2.8547895309852077e-05,1.9988890194892883,-1.1981251819114327e-05,100000
24.148814600004698,2.0,2.00033392565591,2.4970269661675314e-05,1.9988833359309606,-1.4522159729754726e-05,100000
24.214430299995,2.0,2.000339386803763,2.3538211983707583e-05,1.9988622663702285,-9.228362210836019e-06,100000
24.283317099994747,2.0,2.0003372723715644,2.4049456164513172e-05,1.9988873488562449,-1.2202289347702105e-05,100000
24.352349499997217,2.0,2.0003390506335665,2.496016590313439e-05,1.9988741932596479,-1.618273523594583e-05,100000
24.420209200005047,2.0,2.0003562232426235,2.2694233725425376e-05,1.9988892442839485,-9.681952481124806e-06,100000
24.490982100003748,2.0,2.0003436279296873,2.5971204851625123e-05,1.9988813287871225,-1.1132194791051522e-05,100000
24.563117600002442,2.0,2.000353215421949,1.843987255363444e-05,1.9988768698487962,-7.353127963272393e-06,100000
24.633965500004706,2.0,2.000352874823979,2.6104274008892933e-05,1.9988808819225856,-1.2280094632842508e-05,100000
24.704347099992447,2.0,2.0003426235062736,2.2394000652898948e-05,1.9988880167688643,-1.4129849968412588e-05,100000
24.77422900000238,2.0,2.0003315891538347,2.9580977463150972e-05,1.9988692905221666,-1.5090041054723497e-05,100000
24.84369589999551,2.0,2.000326682158879,2.4015459277896835e-05,1.9988633808067866,-1.3451113551907044e-05,100000
24.912645100004738,2.0,2.0003298013550896,2.2938704854043746e-05,1.9988686210768563,-1.3127274934179547e-05,100000
24.98122780000267,2.0,2.0003395002228874,2.102799604628152e-05,1.9988827776908875,-1.2580331901387685e-05,100000
25.053581200001645,0.0,0.005285900172644428,-0.00015656022053177105,0.003220321345309328,-0.00015487959809992648,100000
25.144935499993153,0.0,0.0035718729992264085,-0.00014312231985650213,0.0014965309546927789,-0.00013650833526077934,100000
25.214589199997135,0.0,0.0035687513167171605,-0.0001353247589899443,0.0015005433981839036,-0.00012533842789616757,100000
25.278860499995062,0.0,0.0035712040668087345,-0.0001284271136888232,0.0014960851289132343,-0.00012422366823336363,100000
25.34210829999938,0.0,0.0035668560094200075,-0.00011614073703386955,0.001494078907250826,-0.00011197244287398331,100000
25.411446400001296,0.0,0.003568305362215532,-0.00010200897926980749,0.0014900664640923164,-9.969892333603118e-05,100000
25.483460799994646,0.0,0.0035671904759614595,-9.124329727917158e-05,0.0014904008356721274,-9.286543688995152e-05,100000
25.54981090000365,0.0,0.0035652951686643065,-8.97182722380551e-05,0.0014954163874166884,-8.409226639521095e-05,100000
25.61868240000331,0.0,0.003573433838984264,-7.824601955956364e-05,0.0014839363422444356,-7.364695369337172e-05,100000
25.6938930000033,0.0,0.003567524941505066,-6.770351379217181e-05,0.0014867227609335844,-6.846331399473066e-05,100000
25.7658162000007,0.0,0.003567078986670822,-6.1560898866836e-05,0.0014928528842782336,-6.190851839983223e-05,100000
25.834545399993658,0.0,0.003569308760176812,-6.008163256059819e-05,0.0014931872538623532,-5.6335954124603756e-05,100000
25.903294200004893,0.0,0.0035679708963393102,-5.152973579476694e-05,0.001495750758331269,-4.985794910849757e-05,100000
25.974502900004154,0.0,0.0035662985679560475,-4.6463174328177306e-05,0.0014905122913686294,-4.692612688463017e-05,100000
26.043437000000267,0.0,0.003565741124496396,-3.6788459947014666e-05,0.0014914039455886398,-3.8587712518424905e-05,100000
26.114468300002045,0.0,0.003568528339466346,-3.596714272011272e-05,0.0014899550078968917,-4.0906415936920625e-05,100000
26.187860699996236,0.0,0.003572541931311467,-2.955696846720457e-05,0.0014866113027424686,-2.650369989987665e-05,100000
26.259675799999968,0.0,0.003570200669512685,-2.6490883321002903e-05,0.001491849772698645,-2.503221564997406e-05,100000
26.332750400004443,0.0,0.0035668560097526225,-2.2703388079142826e-05,0.0014882831576479864,-2.5234077034968176e-05,100000
26.407300000006217,0.0,0.003569643226718264,-1.9392711844245353e-05,0.0014890633525127279,-1.8110295848211002e-05,100000
26.475662800003192,0.0,0.0035687513167171605,-2.045936285678958e-05,0.001485719650518149,-1.2328095255595249e-05,100000
26.54544430000533,0.0,0.0035674134538775043,-8.773775447480132e-06,0.001485831107877727,-9.438962367182404e-06,100000
26.617109400001937,0.0,0.003568082384632102,-1.1040290382620025e-05,0.0014888404391240329,-1.151022421748036e-05,100000
26.687495899997884,0.0,0.0035703121574728615,-1.0651436142455027e-05,0.0014890633543421115,-3.3299430694699232e-06,100000
26.758431099995505,0.0,0.003564737726867731,-2.4206626277581043e-06,0.001485719649686611,-2.481976608058697e-06,100000
26.83021220000228,0.0,0.003564737726867731,-3.1988053112529775e-06,0.00149062374922713,-7.904933380424529e-07,100000
26.90097099999548,0.0,0.0035608356233154024,5.234088429071151e-07,0.001485608196152108,7.12509792096433e-06,100000
26.972053899997263,0.0,0.003560612646397203,-1.6614005003896034e-07,0.0014859425659025354,2.0599990592537845e-06,100000
27.04370259999996,0.0,0.003568193872924894,8.05422667872336e-06,0.0014902893781462419,5.5624045232564704e-06,100000
27.11495560000185,0.0,0.003557713940806155,8.198695010898014e-06,0.0014945247341945234,8.07462281915964e-06,100000
27.18710060000012,0.0,0.003563065396156162,1.5296450345756194e-05,0.0014867227601020464,9.553033589717035e-06,100000
27.257853799994336,0.0,0.0035695317377602417,1.1242210911275056e-05,0.0014930757960038526,1.2206850547954697e-05,100000
27.325256099997205,0.0,0.003567747919753726,7.210043211151597e-06,0.0014907352049236319,8.49426327178144e-06,100000
27.390302400002838,0.0,0.003565852612123958,1.669598307697535e-05,0.0014938559936958232,1.2528570871316865e-05,100000
27.46244000000297,0.0,0.003563734328906451,1.6918034963704745e-05,0.0014954163879156114,1.8339064719579524e-05,100000
27.533787499996834,0.0,0.0035651836813693602,1.6618401310227327e-05,0.0014959736715536565,1.6265494699707367e-05,100000
27.603112800003146,0.0,0.0035644032613241245,2.5348934054428762e-05,0.0014926299695590776,1.684637408639643e-05,100000
27.678124500002014,0.0,0.003562730931277786,2.5826633226513115e-05,0.0014914039435929487,2.4065273792335328e-05,100000
27.752500400005374,0.0,0.003568528339466346,2.2627467475103927e-05,0.0014904008335101286,2.0412013302510413e-05,100000
27.820533899997827,0.0,0.0035704236474287296,2.735916741741158e-05,0.0014897320930114281,2.3285257504280057e-05,100000
27.890044300002046,0.0,0.0035696432260530334,2.884771683342739e-05,0.001490735204092094,2.34862437643772e-05,100000
27.961265599995386,0.0,0.0035660755893747722,2.6282013933918557e-05,0.0014915154009525265,3.001484179055427e-05,100000
28.029771699992125,0.0,0.0035667445221250612,2.747062162494071e-05,0.0014892862680634218,2.759856056815937e-05,100000
28.098767899995437,0.0,0.0035694202494674495,3.0636344273911445e-05,0.0014980913499104125,2.4478154042948785e-05,100000
28.16980629999307,0.0,0.0035709810898905355,2.6059979937924387e-05,0.0014915154021166797,2.581097411777074e-05,100000
28.24195320000581,0.0,0.0035709810885600746,2.9481128126073103e-05,0.0014899550070653536,2.598164967392743e-05,100000
28.312885999999708,0.0,0.0035704236470961146,3.0913744726214135e-05,0.0014846050824105206,2.412250803081407e-05,100000
28.380486800000654,0.0,0.003565072191746107,2.9236656649248163e-05,0.0014881716987916402,2.7845127002365196e-05,100000
28.453306800001883,0.0,0.003568974294965821,3.366841505495749e-05,0.00148828315531968,3.200951547855117e-05,100000
28.524427600001218,0.0,0.003568974294965821,3.0002914729006355e-05,0.0014947476480821414,2.7609986497476995e-05,100000
28.593668799992884,0.0,0.0035676364307957037,3.531265996727079e-05,0.0014899550092273524,3.1222865529083985e-05,100000
28.660311300001922,0.0,0.0035630653954909315,3.154682614967897e-05,0.0014930757968353906,2.4558620689536597e-05,100000
28.722222900003544,0.0,0.0035645147496169167,2.7648190117685907e-05,0.0014883946128455656,2.6327414074850316e-05,100000
28.789583399993717,0.0,0.0035655181472455818,3.5901247290374695e-05,0.001492518512033192,3.3916443197215695e-05,100000
28.8643613000022,0.0,0.003564180283740695,3.6456614009823974e-05,0.001491403946752793,3.653674097053488e-05,100000
28.936057800005074,0.0,0.0035633998613671535,3.346876794395421e-05,0.0014907352045910166,3.612368291435685e-05,100000
29.007498099992517,0.0,0.003571092577518097,3.295767816546556e-05,0.001485608193657494,3.7540240723761355e-05,100000
29.079744200003915,0.0,0.003565518146247736,3.0769362488432055e-05,0.0014893977234273085,3.685732012101134e-05,100000
29.15302339999471,0.0,0.0035620619991927273,4.2521698104662546e-05,0.0014893977229283857,4.0651274867741457e-05,100000
29.225787400006084,0.0,0.0035609471106103486,3.4912835149953026e-05,0.0014867227606009691,3.6864918119655556e-05,100000
29.29789859999437,0.0,0.0035657411231659352,3.5023603716711354e-05,0.0014893977230946932,3.767287125901932e-05,100000
29.365613300004043,0.0,0.0035657411241637807,2.9181118559271074e-05,0.0014870571315155497,3.43368320899182e-05,100000
29.428214200001094,0.0,0.0035659641014145955,2.990296339339693e-05,0.0014859425650709975,3.5770167307159044e-05,100000
29.49257879999641,0.0,0.003559497760475746,3.074723227421472e-05,0.001488283156650141,3.428545416253267e-05,100000
29.557958999997936,0.0,0.003564291771700872,3.486828418213658e-05,0.0014814842964655586,3.7014579449273064e-05,100000
29.63018849999935,0.0,0.003562396464736334,3.818925784694979e-05,0.001484716540102714,4.293222647473679e-05,100000
29.70168840000406,0.0,0.003564403260658894,3.723423705741881e-05,0.0014858311073788042,4.118345613954133e-05,100000
29.771529100005864,0.0,0.0035630653968213924,3.212446489923035e-05,0.0014780291326210967,3.516590022198736e-05,100000
29.837915600000997,0.0,0.003564737726535116,2.7392799624587e-05,0.0014836019738244692,3.392164474943067e-05,100000
29.907124199991813,0.0,0.003562061998194882,3.280229044477374e-05,0.0014810384668609393,3.8320180675977366e-05,100000
29.981013900003745,0.0,0.003565406658287559,3.431298587747733e-05,0.0014800353567781192,4.213198085731816e-05,100000
30.052601100003812,0.0,0.0035615045547352305,3.647876078269162e-05,0.0014842707138242467,3.761399010558569e-05,100000
