time_s,voltage_set_V,voltage_meas_V,current_A,osr
5.299996701069176e-06,2.0,1.754,7.833849e-05,1
0.02140979999967385,2.0,2.002,7.651667e-05,1
0.043123399998876266,2.0,2.002,7.469484e-05,1
0.06837700000323821,2.0,2.003,7.287302e-05,1
0.08923850000428502,2.0,2.002,7.105119e-05,1
0.11273989999608602,2.0,2.002,6.922937e-05,1
0.13411539999651723,2.0,2.003,6.740754e-05,1
0.16019120000419207,2.0,2.003,6.558571e-05,1
0.18112290000135545,2.0,2.002,6.376389e-05,1
0.20832610000798013,2.0,2.002,6.376389e-05,1
0.2292165999970166,2.0,2.002,6.194206e-05,1
0.2560130000056233,2.0,2.003,6.012024e-05,1
0.2857114000071306,2.0,2.002,5.829841e-05,1
0.30753160000313073,2.0,2.003,5.647659e-05,1
0.32928479999827687,2.0,2.003,5.647659e-05,1
0.3501230999972904,2.0,2.002,5.465476e-05,1
0.3710904000035953,2.0,2.002,5.283294e-05,1
0.39733930000511464,2.0,2.002,5.101111e-05,1
0.4181652999977814,2.0,2.002,5.101111e-05,1
0.44352689999504946,2.0,2.003,4.918929e-05,1
0.4653056999959517,2.0,2.003,4.918929e-05,1
0.4898375000047963,2.0,2.003,4.736746e-05,1
0.5110730000014883,2.0,2.003,4.554564e-05,1
0.5376984000031371,2.0,2.002,4.554564e-05,1
0.5590934000065317,2.0,2.002,4.372381e-05,1
0.5840508999972371,2.0,2.003,4.372381e-05,1
0.6050639000022784,2.0,2.003,4.190199e-05,1
0.6304528000036953,2.0,2.003,4.190199e-05,1
0.652105200002552,2.0,2.003,4.008016e-05,1
0.6772729000076652,2.0,2.003,4.008016e-05,1
0.6980368000076851,2.0,2.003,3.825833e-05,1
0.7190573999978369,2.0,2.002,3.825833e-05,1
0.7401673999993363,2.0,2.002,3.825833e-05,1
0.7610570999968331,2.0,2.002,3.643651e-05,1
0.7873877999954857,2.0,2.002,3.461468e-05,1
0.809085300003062,2.0,2.003,3.461468e-05,1
0.8338646000047447,2.0,2.003,3.461468e-05,1
0.8551727000012761,2.0,2.003,3.279286e-05,1
0.8812575000047218,2.0,2.003,3.279286e-05,1
0.902002500006347,2.0,2.003,3.097103e-05,1
0.9229873000003863,2.0,2.003,3.097103e-05,1
0.9442686999973375,2.0,2.003,3.097103e-05,1
0.9650274000014178,2.0,2.003,3.097103e-05,1
0.9904280000046128,2.0,2.003,2.914921e-05,1
1.0119807000010042,2.0,2.003,2.914921e-05,1
1.0358822999987751,2.0,2.002,2.914921e-05,1
1.0571444999950472,2.0,2.003,2.732738e-05,1
1.0825686000025598,2.0,2.003,2.732738e-05,1
1.1040088000008836,2.0,2.003,2.732738e-05,1
1.1293486000067787,2.0,2.002,2.550556e-05,1
1.151015199997346,2.0,2.003,2.550556e-05,1
1.1754234999971231,2.0,2.002,2.368373e-05,1
1.19701509999868,2.0,2.002,2.368373e-05,1
1.2223814000026323,2.0,2.002,2.368373e-05,1
1.2441629999957513,2.0,2.002,2.368373e-05,1
1.2686803999968106,2.0,2.002,2.368373e-05,1
1.2899751999939326,2.0,2.002,2.18619e-05,1
1.3163683000020683,2.0,2.002,2.18619e-05,1
1.3381169000058435,2.0,2.003,2.18619e-05,1
1.3685411000042222,2.0,2.003,2.18619e-05,1
1.3946498000004794,2.0,2.003,2.004008e-05,1
1.41914500000712,2.0,2.002,2.004008e-05,1
1.4413892000011401,2.0,2.002,2.004008e-05,1
1.4631101999984821,2.0,2.002,2.004008e-05,1
1.487483400007477,2.0,2.003,1.821825e-05,1
1.509103899996262,2.0,2.003,1.821825e-05,1
1.5339921999984654,2.0,2.002,1.821825e-05,1
1.5551405000005616,2.0,2.002,1.821825e-05,1
1.5809802000003401,2.0,2.003,1.821825e-05,1
1.602070699998876,2.0,2.002,1.639643e-05,1
1.6277217000024393,2.0,2.002,1.639643e-05,1
1.648915500001749,2.0,2.003,1.639643e-05,1
1.6757914000045275,2.0,2.002,1.639643e-05,1
1.6970969999965746,2.0,2.002,1.639643e-05,1
1.7214937999960966,2.0,2.002,1.639643e-05,1
1.7431376000022283,2.0,2.002,1.639643e-05,1
1.768170099996496,2.0,2.003,1.45746e-05,1
1.7894078999961494,2.0,2.002,1.45746e-05,1
1.8111367999954382,2.0,2.002,1.45746e-05,1
1.833725799995591,2.0,2.002,1.45746e-05,1
1.8551017999998294,2.0,2.002,1.45746e-05,1
1.8772936000023037,2.0,2.003,1.45746e-05,1
1.8990374999993946,2.0,2.002,1.45746e-05,1
1.9199213999963831,2.0,2.003,1.45746e-05,1
1.9408771000016714,2.0,2.002,1.275278e-05,1
1.9620444000029238,2.0,2.002,1.45746e-05,1
1.987825400006841,2.0,2.002,1.275278e-05,1
2.0090576999937184,2.0,2.002,1.275278e-05,1
2.0340235000039684,2.0,2.002,1.275278e-05,1
2.055041200001142,2.0,2.003,1.275278e-05,1
2.0805235000007087,2.0,2.002,1.275278e-05,1
2.102041200007079,2.0,2.003,1.275278e-05,1
2.126178299993626,2.0,2.002,1.275278e-05,1
2.147939700007555,2.0,2.002,1.275278e-05,1
2.1731753000058234,2.0,2.003,1.093095e-05,1
2.1949601999949664,2.0,2.003,1.093095e-05,1
2.215940199996112,2.0,2.002,1.093095e-05,1
2.2376704000052996,2.0,2.002,1.093095e-05,1
2.25899109999591,2.0,2.002,1.093095e-05,1
2.2843930999952136,2.0,2.002,1.093095e-05,1
2.306036599999061,2.0,2.002,1.093095e-05,1
2.3303720999974757,2.0,2.002,1.093095e-05,1
2.3518440000043483,2.0,2.002,1.093095e-05,1
2.375761000002967,2.0,2.002,1.093095e-05,1
2.396791699997266,2.0,2.002,1.093095e-05,1
2.422358900003019,2.0,2.003,1.093095e-05,1
2.4439311000023736,2.0,2.002,1.093095e-05,1
2.4709007000055863,2.0,2.002,1.093095e-05,1
2.4919477999937953,2.0,2.002,1.093095e-05,1
2.515789199998835,2.0,2.002,1.093095e-05,1
2.5369455000036396,2.0,2.002,1.093095e-05,1
2.5627910000039265,2.0,2.003,1.093095e-05,1
2.583936099996208,2.0,2.002,9.109127e-06,1
2.6097238000074867,2.0,2.002,9.109127e-06,1
2.630909300001804,2.0,2.002,9.109127e-06,1
2.657262799999444,2.0,2.002,9.109127e-06,1
2.6788860999949975,2.0,2.002,9.109127e-06,1
2.705372199998237,2.0,2.002,9.109127e-06,1
2.726726900000358,2.0,2.002,9.109127e-06,1
2.7527208999963477,2.0,2.002,9.109127e-06,1
2.7737350999959745,2.0,2.003,9.109127e-06,1
2.798387200004072,2.0,2.002,9.109127e-06,1
2.8198574999987613,2.0,2.002,9.109127e-06,1
2.8453595000028145,2.0,2.002,9.109127e-06,1
2.866915999999037,2.0,2.002,9.109127e-06,1
2.893256900002598,2.0,2.002,9.109127e-06,1
2.914714600003208,2.0,2.002,9.109127e-06,1
2.9394772999949055,2.0,2.002,9.109127e-06,1
2.960725900004036,2.0,2.002,7.287302e-06,1
2.987518199995975,2.0,2.002,9.109127e-06,1
3.0088909000041895,2.0,2.002,9.109127e-06,1
3.0340947000076994,2.0,2.002,9.109127e-06,1
3.056102100003045,2.0,2.002,9.109127e-06,1
3.079996200001915,2.0,2.002,9.109127e-06,1
3.101682199994684,2.0,2.002,9.109127e-06,1
3.127476800000295,2.0,2.002,9.109127e-06,1
3.148657400000957,2.0,2.002,9.109127e-06,1
3.173069399999804,2.0,2.002,7.287302e-06,1
3.1946505999949295,2.0,2.002,9.109127e-06,1
3.219783799999277,2.0,2.002,7.287302e-06,1
3.2406142999971053,2.0,2.002,9.109127e-06,1
3.261650100001134,2.0,2.002,7.287302e-06,1
3.282650699999067,2.0,2.002,7.287302e-06,1
3.303678199998103,2.0,2.002,7.287302e-06,1
3.328737599993474,2.0,2.002,7.287302e-06,1
3.34965010000451,2.0,2.002,9.109127e-06,1
3.3706727999961004,2.0,2.002,9.109127e-06,1
3.3916259999969043,2.0,2.002,7.287302e-06,1
3.4126006000005873,2.0,2.002,7.287302e-06,1
3.437367799997446,2.0,2.002,7.287302e-06,1
3.4586140000028536,2.0,2.002,7.287302e-06,1
3.485102200007532,2.0,2.002,7.287302e-06,1
3.506595600003493,2.0,2.002,7.287302e-06,1
3.5309056999976747,2.0,2.002,7.287302e-06,1
3.551579999999376,2.0,2.002,7.287302e-06,1
3.5774170999939088,2.0,2.002,7.287302e-06,1
3.5986107000062475,2.0,2.002,7.287302e-06,1
3.619584300002316,2.0,2.002,7.287302e-06,1
3.641741600004025,2.0,2.002,7.287302e-06,1
3.662567699997453,2.0,2.002,7.287302e-06,1
3.687394399996265,2.0,2.002,7.287302e-06,1
3.708599100005813,2.0,2.002,9.109127e-06,1
3.733111599998665,2.0,2.002,7.287302e-06,1
3.754578699998092,2.0,2.002,7.287302e-06,1
3.7797849000053247,2.0,2.002,7.287302e-06,1
3.8007481999957236,2.0,2.002,7.287302e-06,1
3.8259584000043105,2.0,2.002,7.287302e-06,1
3.8486123000038788,2.0,2.002,7.287302e-06,1
3.872879799993825,2.0,2.002,7.287302e-06,1
3.8946633000014117,2.0,2.002,7.287302e-06,1
3.919847800003481,2.0,2.002,7.287302e-06,1
3.941519400003017,2.0,2.002,7.287302e-06,1
3.966436300004716,2.0,2.002,7.287302e-06,1
3.9874874999950407,2.0,2.002,7.287302e-06,1
4.012573200001498,2.0,2.002,7.287302e-06,1
4.033490100002382,2.0,2.002,7.287302e-06,1
4.054581100004725,2.0,2.002,7.287302e-06,1
4.076399500001571,2.0,2.002,7.287302e-06,1
4.098989799997071,2.0,2.002,7.287302e-06,1
4.121115899994038,2.0,2.002,7.287302e-06,1
4.142493000006652,2.0,2.002,7.287302e-06,1
4.16751889999432,2.0,2.002,7.287302e-06,1
4.188474299997324,2.0,2.002,7.287302e-06,1
4.214044099993771,2.0,2.002,7.287302e-06,1
4.235588600000483,2.0,2.002,7.287302e-06,1
4.260977900004946,2.0,2.002,7.287302e-06,1
4.282441400006064,2.0,2.002,7.287302e-06,1
4.307716700001038,2.0,2.002,7.287302e-06,1
4.329662300006021,2.0,2.002,7.287302e-06,1
4.354978899995331,2.0,2.002,7.287302e-06,1
4.376510400004918,2.0,2.002,7.287302e-06,1
4.401442600006703,2.0,2.002,7.287302e-06,1
4.422692799998913,2.0,2.002,7.287302e-06,1
4.448019699993893,2.0,2.002,7.287302e-06,1
4.469451099997968,2.0,2.002,7.287302e-06,1
4.493617800006177,2.0,2.002,7.287302e-06,1
4.514359299995704,2.0,2.002,7.287302e-06,1
4.535401800007094,2.0,2.002,7.287302e-06,1
4.5563618000014685,2.0,2.002,7.287302e-06,1
4.577411399994162,2.0,2.002,7.287302e-06,1
4.598392600004445,2.0,2.002,7.287302e-06,1
4.619322700003977,2.0,2.002,7.287302e-06,1
4.640383000005386,2.0,2.002,7.287302e-06,1
4.6660646999953315,2.0,2.002,7.287302e-06,1
4.687428400007775,2.0,2.002,7.287302e-06,1
4.7121846999943955,2.0,2.002,7.287302e-06,1
4.733386199994129,2.0,2.002,7.287302e-06,1
4.757311800000025,2.0,2.002,7.287302e-06,1
4.778367100007017,2.0,2.002,7.287302e-06,1
4.7993658000050345,2.0,2.002,7.287302e-06,1
4.8203372999996645,2.0,2.002,7.287302e-06,1
4.841311500000302,2.0,2.002,7.287302e-06,1
4.867118299996946,2.0,2.002,7.287302e-06,1
4.888372999994317,2.0,2.002,7.287302e-06,1
4.914390999998432,2.0,2.002,7.287302e-06,1
4.9353282999945804,2.0,2.002,7.287302e-06,1
4.961950299999444,2.0,2.002,7.287302e-06,1
4.983530900004553,2.0,2.002,7.287302e-06,1
5.008484899997711,2.0,2.002,7.287302e-06,1
5.029346399998758,0.0,0.049,-0.0002004008,1
5.050304000003962,0.0,0.005,-0.0001967571,1
5.072124400001485,0.0,0.005,-0.0001931135,1
5.093436099996325,0.0,0.005,-0.000187648,1
5.118962799999281,0.0,0.005,-0.0001840044,1
5.142444199998863,0.0,0.005,-0.0001785389,1
5.16500090000045,0.0,0.005,-0.0001767171,1
5.18625030000112,0.0,0.005,-0.0001712516,1
5.212396400005673,0.0,0.005,-0.0001676079,1
5.23331500000495,0.0,0.005,-0.0001639643,1
5.258687699999427,0.0,0.005,-0.0001621425,1
5.280262500004028,0.0,0.005,-0.0001584988,1
5.304956399995717,0.0,0.004,-0.0001530333,1
5.326316299993778,0.0,0.005,-0.0001512115,1
5.350768500007689,0.0,0.005,-0.0001475679,1
5.372279500006698,0.0,0.005,-0.0001439242,1
5.397534400006407,0.0,0.005,-0.0001421024,1
5.418204200002947,0.0,0.005,-0.0001384587,1
5.443414099994698,0.0,0.005,-0.0001348151,1
5.464229899997008,0.0,0.004,-0.0001329933,1
5.485224500007462,0.0,0.005,-0.0001311714,1
5.506205800003954,0.0,0.004,-0.0001275278,1
5.527199799995287,0.0,0.005,-0.0001257059,1
5.551847900002031,0.0,0.004,-0.0001220623,1
5.573204400003306,0.0,0.005,-0.0001202405,1
5.598937700007809,0.0,0.004,-0.0001184187,1
5.620771899993997,0.0,0.004,-0.000114775,1
5.648661400002311,0.0,0.005,-0.0001129532,1
5.671917700004997,0.0,0.005,-0.0001111313,1
5.69334379999782,0.0,0.005,-0.0001074877,1
5.715845300001092,0.0,0.005,-0.0001056659,1
5.738446200004546,0.0,0.005,-0.000103844,1
5.759200900007272,0.0,0.005,-0.0001020222,1
5.780205000002752,0.0,0.005,-0.0001002004,1
5.801567500006058,0.0,0.005,-9.837857e-05,1
5.823181100000511,0.0,0.005,-9.655675e-05,1
5.848766399998567,0.0,0.004,-9.473492e-05,1
5.8702074000029825,0.0,0.004,-9.29131e-05,1
5.891188399997191,0.0,0.005,-9.109127e-05,1
5.912127000003238,0.0,0.004,-8.926944e-05,1
5.933170899996185,0.0,0.005,-8.744762e-05,1
5.957581700000446,0.0,0.005,-8.744762e-05,1
5.979166599994642,0.0,0.005,-8.56258e-05,1
6.00429389999772,0.0,0.005,-8.380397e-05,1
6.0251713000034215,0.0,0.005,-8.198214e-05,1
6.046466800005874,0.0,0.004,-8.016032e-05,1
6.070502400005353,0.0,0.005,-7.833849e-05,1
6.092143300003954,0.0,0.005,-7.651667e-05,1
6.113443800000823,0.0,0.004,-7.651667e-05,1
6.134163299997454,0.0,0.005,-7.469484e-05,1
6.1552204000036,0.0,0.005,-7.287302e-05,1
6.177583600001526,0.0,0.005,-7.105119e-05,1
6.199161600001389,0.0,0.005,-7.105119e-05,1
6.223556299999473,0.0,0.005,-6.922937e-05,1
6.24516429999494,0.0,0.005,-6.740754e-05,1
6.269383699996979,0.0,0.005,-6.558571e-05,1
6.290283499998623,0.0,0.005,-6.558571e-05,1
6.3190427999943495,0.0,0.005,-6.376389e-05,1
6.340356200002134,0.0,0.005,-6.376389e-05,1
6.362673099996755,0.0,0.004,-6.194206e-05,1
6.384391900006449,0.0,0.004,-6.194206e-05,1
6.409242900001118,0.0,0.004,-5.829841e-05,1
6.430369599998812,0.0,0.004,-5.829841e-05,1
6.45568290000665,0.0,0.005,-5.829841e-05,1
6.477212199999485,0.0,0.004,-5.647659e-05,1
6.502598200007924,0.0,0.005,-5.647659e-05,1
6.5247266000078525,0.0,0.004,-5.465476e-05,1
6.550444199994672,0.0,0.005,-5.283294e-05,1
6.573083700001007,0.0,0.005,-5.283294e-05,1
6.598140899994178,0.0,0.004,-5.101111e-05,1
6.619832299998961,0.0,0.004,-5.101111e-05,1
6.643794200004777,0.0,0.005,-4.918929e-05,1
6.666529499998433,0.0,0.005,-4.918929e-05,1
6.692167800007155,0.0,0.005,-4.736746e-05,1
6.714503900002455,0.0,0.004,-4.736746e-05,1
6.7360926999972435,0.0,0.005,-4.736746e-05,1
6.7571300999989035,0.0,0.005,-4.554564e-05,1
6.781705100002,0.0,0.005,-4.554564e-05,1
6.80310059999465,0.0,0.004,-4.372381e-05,1
6.827236199998879,0.0,0.004,-4.372381e-05,1
6.8481100000062725,0.0,0.005,-4.190199e-05,1
6.869100399999297,0.0,0.005,-4.190199e-05,1
6.890259399995557,0.0,0.005,-4.190199e-05,1
6.911097100004554,0.0,0.005,-4.008016e-05,1
6.936323800007813,0.0,0.004,-4.008016e-05,1
6.957102800006396,0.0,0.005,-4.008016e-05,1
6.978067699994426,0.0,0.004,-3.825833e-05,1
6.999060500005726,0.0,0.004,-3.825833e-05,1
7.02006120000442,0.0,0.005,-3.825833e-05,1
7.044832300001872,0.0,0.004,-3.643651e-05,1
7.066049400003976,0.0,0.004,-3.643651e-05,1
7.090605499994126,0.0,0.004,-3.643651e-05,1
7.112334999997984,0.0,0.005,-3.643651e-05,1
7.138867600006051,0.0,0.004,-3.461468e-05,1
7.160048100005952,0.0,0.004,-3.461468e-05,1
7.185048300001654,0.0,0.005,-3.279286e-05,1
7.2060659999988275,0.0,0.004,-3.279286e-05,1
7.231411999993725,0.0,0.004,-3.279286e-05,1
7.253076900000451,0.0,0.004,-3.279286e-05,1
7.277706799999578,0.0,0.005,-3.097103e-05,1
7.29925720000756,0.0,0.004,-3.097103e-05,1
7.324636699995608,0.0,0.005,-3.097103e-05,1
7.346319100004621,0.0,0.004,-3.097103e-05,1
7.372587000005296,0.0,0.004,-2.914921e-05,1
7.394133099995088,0.0,0.005,-2.914921e-05,1
7.418218499995419,0.0,0.005,-2.914921e-05,1
7.4390358999953605,0.0,0.004,-2.914921e-05,1
7.460045200001332,0.0,0.004,-2.914921e-05,1
7.482168100003037,0.0,0.004,-2.732738e-05,1
7.503050300001632,0.0,0.004,-2.732738e-05,1
7.524019799995585,0.0,0.005,-2.732738e-05,1
7.545119899994461,0.0,0.005,-2.732738e-05,1
7.566022500002873,0.0,0.004,-2.732738e-05,1
7.591343099993537,0.0,0.005,-2.550556e-05,1
7.613019500000519,0.0,0.004,-2.550556e-05,1
7.638141300005373,0.0,0.004,-2.550556e-05,1
7.659262800007127,0.0,0.005,-2.550556e-05,1
7.684471900007338,0.0,0.005,-2.368373e-05,1
7.7059977000026265,0.0,0.005,-2.368373e-05,1
7.730878400005167,0.0,0.004,-2.368373e-05,1
7.7522636000067,0.0,0.005,-2.368373e-05,1
7.777992899995297,0.0,0.005,-2.368373e-05,1
7.799752000006265,0.0,0.005,-2.368373e-05,1
7.825644199998351,0.0,0.004,-2.368373e-05,1
7.848400999995647,0.0,0.005,-2.368373e-05,1
7.872212999995099,0.0,0.005,-2.18619e-05,1
7.8954469000018435,0.0,0.005,-2.18619e-05,1
7.919664000000921,0.0,0.005,-2.18619e-05,1
7.942404200002784,0.0,0.005,-2.18619e-05,1
7.966123000005609,0.0,0.005,-2.18619e-05,1
7.98873480000475,0.0,0.004,-2.18619e-05,1
8.012723299994832,0.0,0.005,-2.004008e-05,1
8.03531710000243,0.0,0.005,-2.004008e-05,1
8.062721199996304,0.0,0.004,-2.004008e-05,1
8.089862099994207,0.0,0.005,-2.004008e-05,1
8.112234000000171,0.0,0.004,-2.004008e-05,1
8.137103700006264,0.0,0.005,-2.004008e-05,1
8.158978999999817,0.0,0.005,-2.004008e-05,1
8.183952699997462,0.0,0.004,-2.004008e-05,1
8.205729199995403,0.0,0.004,-2.004008e-05,1
8.229744800002663,0.0,0.005,-1.821825e-05,1
8.251942899994901,0.0,0.005,-2.004008e-05,1
8.278296000004048,0.0,0.005,-1.821825e-05,1
8.30064489999495,0.0,0.005,-1.821825e-05,1
8.322844299997087,0.0,0.004,-1.821825e-05,1
8.345383199994103,0.0,0.005,-1.821825e-05,1
8.372011100000236,0.0,0.005,-1.821825e-05,1
8.394451100000879,0.0,0.005,-1.821825e-05,1
8.417345199995907,0.0,0.004,-1.639643e-05,1
8.43909359999816,0.0,0.005,-1.639643e-05,1
8.463904799995362,0.0,0.004,-1.821825e-05,1
8.485205200006021,0.0,0.004,-1.639643e-05,1
8.509867500004475,0.0,0.004,-1.639643e-05,1
8.532411299995147,0.0,0.005,-1.639643e-05,1
8.558943099997123,0.0,0.004,-1.639643e-05,1
8.581367299993872,0.0,0.005,-1.639643e-05,1
8.605194500007201,0.0,0.005,-1.639643e-05,1
8.628722699999344,0.0,0.004,-1.639643e-05,1
8.650306800002,0.0,0.005,-1.639643e-05,1
8.67187200000626,0.0,0.005,-1.639643e-05,1
8.695290699994075,0.0,0.004,-1.639643e-05,1
8.716192499996396,0.0,0.005,-1.639643e-05,1
8.737175500005833,0.0,0.004,-1.639643e-05,1
8.758788999999524,0.0,0.004,-1.639643e-05,1
8.780517299994244,0.0,0.004,-1.639643e-05,1
8.806851600005757,0.0,0.004,-1.639643e-05,1
8.829224000000977,0.0,0.005,-1.639643e-05,1
8.854168999998365,0.0,0.004,-1.45746e-05,1
8.877351799994358,0.0,0.005,-1.45746e-05,1
8.900159199998598,0.0,0.004,-1.45746e-05,1
8.923385800007964,0.0,0.004,-1.45746e-05,1
8.946024699995178,0.0,0.004,-1.45746e-05,1
8.968722499994328,0.0,0.005,-1.45746e-05,1
8.992367300001206,0.0,0.004,-1.45746e-05,1
9.015384300000733,0.0,0.005,-1.45746e-05,1
9.04010389999894,0.0,0.005,-1.45746e-05,1
9.06345169999986,0.0,0.004,-1.45746e-05,1
9.086203800005023,0.0,0.005,-1.45746e-05,1
9.109190799994394,0.0,0.005,-1.45746e-05,1
9.131203400000231,0.0,0.004,-1.45746e-05,1
9.153409000005922,0.0,0.005,-1.45746e-05,1
9.179734499994083,0.0,0.004,-1.45746e-05,1
9.202225400003954,0.0,0.004,-1.45746e-05,1
9.226157500001136,0.0,0.004,-1.45746e-05,1
9.249354500003392,0.0,0.005,-1.45746e-05,1
9.273023400004604,0.0,0.005,-1.275278e-05,1
9.295330399996601,0.0,0.005,-1.45746e-05,1
9.319788900000276,0.0,0.004,-1.275278e-05,1
9.34239200000593,0.0,0.005,-1.45746e-05,1
9.36606010000105,0.0,0.005,-1.275278e-05,1
9.3893226999935,0.0,0.005,-1.45746e-05,1
9.41486829999485,0.0,0.005,-1.45746e-05,1
9.444366800002172,0.0,0.005,-1.275278e-05,1
9.467306399994413,0.0,0.004,-1.45746e-05,1
9.490936500005773,0.0,0.005,-1.275278e-05,1
9.513262799999211,0.0,0.005,-1.275278e-05,1
9.538869600000908,0.0,0.005,-1.275278e-05,1
9.561279700006708,0.0,0.005,-1.275278e-05,1
9.585518299994874,0.0,0.005,-1.275278e-05,1
9.608552000005147,0.0,0.004,-1.275278e-05,1
9.633197000002838,0.0,0.005,-1.275278e-05,1
9.656412500000442,0.0,0.005,-1.275278e-05,1
9.681243099999847,0.0,0.004,-1.275278e-05,1
9.71033869999519,0.0,0.005,-1.275278e-05,1
9.733256599996821,0.0,0.004,-1.275278e-05,1
9.760388199996669,0.0,0.004,-1.275278e-05,1
9.787582300006761,0.0,0.005,-1.275278e-05,1
9.80905470000289,0.0,0.004,-1.275278e-05,1
9.834914100007154,0.0,0.005,-1.275278e-05,1
9.85716319999483,0.0,0.004,-1.275278e-05,1
9.881162100005895,0.0,0.004,-1.093095e-05,1
9.90314280000166,0.0,0.005,-1.275278e-05,1
9.928410900000017,0.0,0.004,-1.275278e-05,1
9.950379100002465,0.0,0.004,-1.275278e-05,1
9.977134100001422,0.0,0.005,-1.275278e-05,1
10.005057999995188,0.0,0.005,-1.275278e-05,1
10.026065700003528,2.0,1.945,0.0001949353,1
10.047125400000368,2.0,2.002,0.0001912917,1
10.070185899996432,2.0,2.002,0.000187648,1
10.093009899996105,2.0,2.002,0.0001821825,1
10.113690300000599,2.0,2.002,0.0001785389,1
10.135008099998231,2.0,2.002,0.0001748952,1
10.160266799997771,2.0,2.002,0.0001694298,1
10.183121299996856,2.0,2.002,0.0001676079,1
10.208637600007933,2.0,2.002,0.0001639643,1
10.23027010000078,2.0,2.002,0.0001603206,1
10.253873399997246,2.0,2.002,0.0001548552,1
10.27652169999783,2.0,2.002,0.0001512115,1
10.300500600002124,2.0,2.002,0.0001475679,1
10.323130499993567,2.0,2.002,0.000145746,1
10.347480399999768,2.0,2.002,0.0001421024,1
10.369039700002759,2.0,2.002,0.0001384587,1
10.39154939999571,2.0,2.002,0.0001366369,1
10.412711500001024,2.0,2.002,0.0001329933,1
10.438260399998398,2.0,2.002,0.0001293496,1
10.459704499997315,2.0,2.002,0.0001275278,1
10.484381899994332,2.0,2.002,0.0001238841,1
10.506021099994541,2.0,2.002,0.0001220623,1
10.532256799997413,2.0,2.002,0.0001184187,1
10.554211199996644,2.0,2.002,0.0001165968,1
10.58094539999729,2.0,2.002,0.0001129532,1
10.603636300002108,2.0,2.002,0.0001111313,1
10.62655060000543,2.0,2.002,0.0001074877,1
10.64765929999703,2.0,2.002,0.0001056659,1
10.672000399994431,2.0,2.002,0.000103844,1
10.693781499998295,2.0,2.002,0.0001020222,1
10.71879590000026,2.0,2.002,9.837857e-05,1
10.740298599994276,2.0,2.002,9.655675e-05,1
10.76304999999411,2.0,2.002,9.29131e-05,1
10.790242799994303,2.0,2.002,9.109127e-05,1
10.813952900003642,2.0,2.002,8.926944e-05,1
10.836401399996248,2.0,2.002,8.744762e-05,1
10.86355690000346,2.0,2.002,8.56258e-05,1
10.88577670000086,2.0,2.002,8.380397e-05,1
10.909987000006367,2.0,2.002,8.198214e-05,1
10.932948200003011,2.0,2.002,8.016032e-05,1
10.956833400006872,2.0,2.002,7.833849e-05,1
10.979954499998712,2.0,2.002,7.651667e-05,1
11.004437099996721,2.0,2.002,7.469484e-05,1
11.026864400002523,2.0,2.002,7.287302e-05,1
11.05199399999401,2.0,2.002,7.105119e-05,1
11.075065099998028,2.0,2.002,6.922937e-05,1
11.097346299997298,2.0,2.002,6.740754e-05,1
11.118835100001888,2.0,2.002,6.740754e-05,1
11.142972600006033,2.0,2.002,6.558571e-05,1
11.164787200003047,2.0,2.002,6.376389e-05,1
11.190970800002106,2.0,2.002,6.194206e-05,1
11.212892900002771,2.0,2.002,6.194206e-05,1
11.237976899996283,2.0,2.002,6.012024e-05,1
11.260543099997449,2.0,2.002,5.829841e-05,1
11.284559499996249,2.0,2.002,5.647659e-05,1
11.306543600003351,2.0,2.002,5.647659e-05,1
11.331003700004658,2.0,2.002,5.465476e-05,1
11.354960700002266,2.0,2.002,5.283294e-05,1
11.378309499996249,2.0,2.002,5.283294e-05,1
11.401187900002697,2.0,2.002,5.101111e-05,1
11.4246501000016,2.0,2.002,4.918929e-05,1
11.44685570000729,2.0,2.002,4.918929e-05,1
11.471541899998556,2.0,2.002,4.736746e-05,1
11.500711100001354,2.0,2.002,4.736746e-05,1
11.530981599993538,2.0,2.002,4.554564e-05,1
11.553448999999091,2.0,2.002,4.372381e-05,1
11.578910800002632,2.0,2.002,4.372381e-05,1
11.601899100001901,2.0,2.002,4.190199e-05,1
11.62681230000453,2.0,2.002,4.190199e-05,1
11.649726999996346,2.0,2.002,4.008016e-05,1
11.674389899999369,2.0,2.002,4.008016e-05,1
11.696857899994939,2.0,2.002,3.825833e-05,1
11.72150810000312,2.0,2.002,3.825833e-05,1
11.743676900005084,2.0,2.002,3.825833e-05,1
11.767953899994609,2.0,2.002,3.643651e-05,1
11.79493590000493,2.0,2.002,3.461468e-05,1
11.816730200007441,2.0,2.002,3.461468e-05,1
11.837759200003347,2.0,2.002,3.461468e-05,1
11.859012900007656,2.0,2.002,3.461468e-05,1
11.880809399997815,2.0,2.002,3.279286e-05,1
11.906188699998893,2.0,2.002,3.097103e-05,1
11.931086800002959,2.0,2.002,3.097103e-05,1
11.954014799994184,2.0,2.002,3.097103e-05,1
11.977533600002062,2.0,2.002,2.914921e-05,1
12.000028099995689,2.0,2.002,2.914921e-05,1
12.02194320000126,2.0,2.002,2.914921e-05,1
12.046045399998548,2.0,2.002,2.914921e-05,1
12.069305700002587,2.0,2.002,2.732738e-05,1
12.094432800004142,2.0,2.002,2.732738e-05,1
12.116026899995632,2.0,2.002,2.732738e-05,1
12.138347400003113,2.0,2.002,2.550556e-05,1
12.160469700000249,2.0,2.002,2.550556e-05,1
12.188379700004589,2.0,2.002,2.368373e-05,1
12.210709699997096,2.0,2.002,2.368373e-05,1
12.234628799997154,2.0,2.002,2.368373e-05,1
12.25758410000708,2.0,2.002,2.368373e-05,1
12.280953599998611,2.0,2.002,2.368373e-05,1
12.304237200005446,2.0,2.002,2.18619e-05,1
12.32770910000545,2.0,2.002,2.18619e-05,1
12.350705400007428,2.0,2.002,2.18619e-05,1
12.374256800001604,2.0,2.002,2.004008e-05,1
12.395967500007828,2.0,2.002,2.004008e-05,1
12.418609300002572,2.0,2.002,2.004008e-05,1
12.439559399994323,2.0,2.002,1.821825e-05,1
12.460594999996829,2.0,2.002,2.004008e-05,1
12.48283619999711,2.0,2.002,2.004008e-05,1
12.504380500002299,2.0,2.002,1.821825e-05,1
12.529553800006397,2.0,2.002,1.821825e-05,1
12.550703500004602,2.0,2.002,1.821825e-05,1
12.578484400000889,2.0,2.002,1.821825e-05,1
12.600839100006851,2.0,2.002,1.639643e-05,1
12.626238800003193,2.0,2.002,1.639643e-05,1
12.649042000004556,2.0,2.002,1.639643e-05,1
12.673594499996398,2.0,2.002,1.639643e-05,1
12.69668150000507,2.0,2.002,1.639643e-05,1
12.720894900005078,2.0,2.002,1.45746e-05,1
12.743536399997538,2.0,2.002,1.639643e-05,1
12.768492400005925,2.0,2.002,1.45746e-05,1
12.790865600007237,2.0,2.002,1.45746e-05,1
12.813932400007616,2.0,2.002,1.45746e-05,1
12.838153599994257,2.0,2.002,1.45746e-05,1
12.860867299998063,2.0,2.002,1.45746e-05,1
12.883605900002294,2.0,2.002,1.45746e-05,1
12.910518999997294,2.0,2.002,1.45746e-05,1
12.933814799995162,2.0,2.002,1.45746e-05,1
12.958257499994943,2.0,2.002,1.275278e-05,1
12.979503800001112,2.0,2.002,1.275278e-05,1
13.001693400001386,2.0,2.002,1.275278e-05,1
13.023472200002288,2.0,2.002,1.275278e-05,1
13.0486191999953,2.0,2.002,1.275278e-05,1
13.07181949999358,2.0,2.002,1.275278e-05,1
13.09624270000495,2.0,2.002,1.093095e-05,1
13.118911400000798,2.0,2.002,1.275278e-05,1
13.141415399994003,2.0,2.002,1.275278e-05,1
13.162900800001808,2.0,2.002,1.093095e-05,1
13.192255300004035,2.0,2.002,1.093095e-05,1
13.220595399994636,2.0,2.002,1.093095e-05,1
13.243687199996202,2.0,2.002,1.093095e-05,1
13.266795100003947,2.0,2.002,1.093095e-05,1
13.289525600004708,2.0,2.002,1.093095e-05,1
13.315786299994215,2.0,2.002,1.093095e-05,1
13.338929300007294,2.0,2.002,1.093095e-05,1
13.361475300000166,2.0,2.002,9.109127e-06,1
13.384616800001822,2.0,2.002,9.109127e-06,1
13.408324599993648,2.0,2.002,1.093095e-05,1
13.429503899998963,2.0,2.002,1.093095e-05,1
13.454272899994976,2.0,2.002,9.109127e-06,1
13.476180199999362,2.0,2.002,9.109127e-06,1
13.503273499998613,2.0,2.002,9.109127e-06,1
13.525658700003987,2.0,2.002,9.109127e-06,1
13.549827199996798,2.0,2.002,9.109127e-06,1
13.572703199999523,2.0,2.002,9.109127e-06,1
13.596970800004783,2.0,2.002,9.109127e-06,1
13.618462300000829,2.0,2.002,9.109127e-06,1
13.642042699997546,2.0,2.002,9.109127e-06,1
13.663520500005689,2.0,2.002,9.109127e-06,1
13.684626600006595,2.0,2.002,7.287302e-06,1
13.707981300001848,2.0,2.002,9.109127e-06,1
13.729763700001058,2.0,2.002,9.109127e-06,1
13.754104399995413,2.0,2.002,7.287302e-06,1
13.776502299995627,2.0,2.002,9.109127e-06,1
13.800606699995114,2.0,2.002,9.109127e-06,1
13.823619600007078,2.0,2.002,9.109127e-06,1
13.846818200006965,2.0,2.002,7.287302e-06,1
13.869653800007654,2.0,2.002,7.287302e-06,1
13.894385199993849,2.0,2.002,9.109127e-06,1
13.919106100001954,2.0,2.002,7.287302e-06,1
13.941482299997006,2.0,2.002,7.287302e-06,1
13.964462599993567,2.0,2.002,7.287302e-06,1
13.987435999995796,2.0,2.002,7.287302e-06,1
14.010652299999492,2.0,2.002,7.287302e-06,1
14.033573499997146,2.0,2.002,7.287302e-06,1
14.056643300005817,2.0,2.002,7.287302e-06,1
14.079631000000518,2.0,2.002,7.287302e-06,1
14.106348100001924,2.0,2.002,7.287302e-06,1
14.127182700001867,2.0,2.002,7.287302e-06,1
14.15288920000603,2.0,2.002,7.287302e-06,1
14.174827199996798,2.0,2.002,7.287302e-06,1
14.2013186999975,2.0,2.002,7.287302e-06,1
14.224573400002555,2.0,2.002,7.287302e-06,1
14.248595800003386,2.0,2.002,7.287302e-06,1
14.271609400006128,2.0,2.002,7.287302e-06,1
14.295564900006866,2.0,2.002,7.287302e-06,1
14.318817899998976,2.0,2.002,7.287302e-06,1
14.341712199995527,2.0,2.002,5.465476e-06,1
14.364718900003936,2.0,2.002,7.287302e-06,1
14.388830900003086,2.0,2.002,7.287302e-06,1
14.41167499999574,2.0,2.002,7.287302e-06,1
14.436031400007778,2.0,2.002,7.287302e-06,1
14.458708799997112,2.0,2.002,7.287302e-06,1
14.482605099998182,2.0,2.002,5.465476e-06,1
14.504494699998759,2.0,2.002,7.287302e-06,1
14.529563899995992,2.0,2.002,7.287302e-06,1
14.55145139999513,2.0,2.002,7.287302e-06,1
14.576872100005858,2.0,2.002,7.287302e-06,1
14.59874650000711,2.0,2.002,7.287302e-06,1
14.627294200006872,2.0,2.002,7.287302e-06,1
14.650598299995181,2.0,2.002,7.287302e-06,1
14.675676300001214,2.0,2.002,5.465476e-06,1
14.699016099999426,2.0,2.002,7.287302e-06,1
14.721326900005806,2.0,2.002,5.465476e-06,1
14.743368399998872,2.0,2.002,7.287302e-06,1
14.766180599996005,2.0,2.002,5.465476e-06,1
14.787232700007735,2.0,2.002,5.465476e-06,1
14.80837949999841,2.0,2.002,7.287302e-06,1
14.82921090000309,2.0,2.002,7.287302e-06,1
14.850491999997757,2.0,2.002,7.287302e-06,1
14.87571530000423,2.0,2.002,7.287302e-06,1
14.897534400006407,2.0,2.002,5.465476e-06,1
14.922619799996028,2.0,2.002,7.287302e-06,1
14.944164500004263,2.0,2.002,7.287302e-06,1
14.968702900005155,2.0,2.002,5.465476e-06,1
14.990182099994854,2.0,2.002,7.287302e-06,1
15.014857500005746,2.0,2.002,7.287302e-06,1
15.036185999997542,0.0,0.047,-0.0002004008,1
15.0606329000002,0.0,0.005,-0.0001967571,1
15.082172700000228,0.0,0.005,-0.0001931135,1
15.107749799994053,0.0,0.004,-0.000187648,1
15.12919010000769,0.0,0.005,-0.0001840044,1
15.15392630000133,0.0,0.004,-0.0001785389,1
15.175825199999963,0.0,0.004,-0.0001748952,1
15.199860399996396,0.0,0.004,-0.0001712516,1
15.221183000001474,0.0,0.004,-0.0001676079,1
15.245734700001776,0.0,0.004,-0.0001639643,1
15.267177999994601,0.0,0.004,-0.0001621425,1
15.292842800001381,0.0,0.004,-0.000156677,1
15.314197700005025,0.0,0.004,-0.0001548552,1
15.339415800001007,0.0,0.004,-0.0001512115,1
15.360130500004743,0.0,0.004,-0.0001475679,1
15.385581800001091,0.0,0.004,-0.0001439242,1
15.407135999994352,0.0,0.004,-0.0001421024,1
15.433062900003279,0.0,0.004,-0.0001384587,1
15.454354300003615,0.0,0.004,-0.0001348151,1
15.47946960000263,0.0,0.004,-0.0001329933,1
15.501113000005716,0.0,0.004,-0.0001293496,1
15.52595769999607,0.0,0.005,-0.0001275278,1
15.547083800003747,0.0,0.004,-0.0001257059,1
15.572579300001962,0.0,0.004,-0.0001220623,1
15.594120199995814,0.0,0.004,-0.0001202405,1
15.615127099998062,0.0,0.004,-0.0001184187,1
15.63641479999933,0.0,0.004,-0.000114775,1
15.657313000003342,0.0,0.004,-0.0001129532,1
15.682264400005806,0.0,0.004,-0.0001111313,1
15.703357699996559,0.0,0.004,-0.0001093095,1
15.729858000006061,0.0,0.004,-0.0001056659,1
15.751931200007675,0.0,0.004,-0.000103844,1
15.778675299996394,0.0,0.004,-0.0001002004,1
15.80136310000671,0.0,0.004,-0.0001002004,1
15.825096200002008,0.0,0.004,-9.837857e-05,1
15.84749759999977,0.0,0.004,-9.655675e-05,1
15.869419099995866,0.0,0.005,-9.29131e-05,1
15.891092499994556,0.0,0.004,-9.29131e-05,1
15.915870500000892,0.0,0.004,-8.926944e-05,1
15.937093200001982,0.0,0.004,-8.744762e-05,1
15.96125839999877,0.0,0.004,-8.744762e-05,1
15.982085800002096,0.0,0.004,-8.56258e-05,1
16.00309820000257,0.0,0.004,-8.380397e-05,1
16.02432179999596,0.0,0.005,-8.198214e-05,1
16.045117200003006,0.0,0.005,-8.016032e-05,1
16.0704429000034,0.0,0.005,-7.833849e-05,1
16.092054299995652,0.0,0.005,-7.651667e-05,1
16.118046100003994,0.0,0.004,-7.651667e-05,1
16.13904330000514,0.0,0.004,-7.469484e-05,1
16.164173400000436,0.0,0.004,-7.287302e-05,1
16.185040900003514,0.0,0.004,-7.287302e-05,1
16.206062800003565,0.0,0.004,-7.105119e-05,1
16.22704660000454,0.0,0.004,-6.922937e-05,1
16.248067900000024,0.0,0.004,-6.740754e-05,1
16.26909539999906,0.0,0.005,-6.740754e-05,1
16.290549800003646,0.0,0.005,-6.558571e-05,1
16.312522499996703,0.0,0.004,-6.376389e-05,1
16.338965200004168,0.0,0.004,-6.376389e-05,1
16.36136819999956,0.0,0.004,-6.194206e-05,1
16.384838800004218,0.0,0.004,-6.194206e-05,1
16.406048599994392,0.0,0.005,-6.012024e-05,1
16.42991439999605,0.0,0.004,-5.829841e-05,1
16.451394600007916,0.0,0.004,-5.829841e-05,1
16.473310400004266,0.0,0.004,-5.647659e-05,1
16.494163299998036,0.0,0.004,-5.647659e-05,1
16.515511200006586,0.0,0.004,-5.465476e-05,1
16.542304000002332,0.0,0.004,-5.283294e-05,1
16.564417899993714,0.0,0.004,-5.283294e-05,1
16.587350700006937,0.0,0.004,-5.283294e-05,1
16.609301899996353,0.0,0.004,-5.101111e-05,1
16.633881500005373,0.0,0.004,-4.918929e-05,1
16.655132500003674,0.0,0.004,-4.918929e-05,1
16.68150120000064,0.0,0.004,-4.918929e-05,1
16.70456220000051,0.0,0.004,-4.736746e-05,1
16.7299817000021,0.0,0.004,-4.736746e-05,1
16.752467600003,0.0,0.004,-4.554564e-05,1
16.77602059999481,0.0,0.004,-4.554564e-05,1
16.79875170000014,0.0,0.004,-4.372381e-05,1
16.822469299993827,0.0,0.004,-4.372381e-05,1
16.84541029999673,0.0,0.004,-4.372381e-05,1
16.86925180000253,0.0,0.004,-4.190199e-05,1
16.892498900007922,0.0,0.004,-4.190199e-05,1
16.915543900002376,0.0,0.004,-4.008016e-05,1
16.938650199997937,0.0,0.004,-4.008016e-05,1
16.961999100007233,0.0,0.004,-4.008016e-05,1
16.98421700000472,0.0,0.004,-3.825833e-05,1
17.00984729999618,0.0,0.004,-3.825833e-05,1
17.032494900005986,0.0,0.004,-3.825833e-05,1
17.057428100000834,0.0,0.004,-3.643651e-05,1
17.08034509999561,0.0,0.004,-3.643651e-05,1
17.103491400004714,0.0,0.005,-3.643651e-05,1
17.12628229999973,0.0,0.004,-3.461468e-05,1
17.148746000006213,0.0,0.004,-3.461468e-05,1
17.170627900006366,0.0,0.004,-3.279286e-05,1
17.195029599999543,0.0,0.004,-3.279286e-05,1
17.21749660000205,0.0,0.004,-3.279286e-05,1
17.242542199994205,0.0,0.004,-3.279286e-05,1
17.265465200005565,0.0,0.004,-3.097103e-05,1
17.289724000002025,0.0,0.004,-3.097103e-05,1
17.312541799998144,0.0,0.004,-3.097103e-05,1
17.336388600000646,0.0,0.004,-3.097103e-05,1
17.359258199998294,0.0,0.004,-3.097103e-05,1
17.38370130000112,0.0,0.005,-2.914921e-05,1
17.40627900000254,0.0,0.004,-2.914921e-05,1
17.431764199995087,0.0,0.004,-2.914921e-05,1
17.454323300000397,0.0,0.004,-2.914921e-05,1
17.479584800006705,0.0,0.004,-2.732738e-05,1
17.502273100006278,0.0,0.004,-2.732738e-05,1
17.52575380000053,0.0,0.004,-2.732738e-05,1
17.54947589999938,0.0,0.004,-2.732738e-05,1
17.573118300002534,0.0,0.004,-2.732738e-05,1
17.595438899996225,0.0,0.004,-2.550556e-05,1
17.621477399996365,0.0,0.004,-2.550556e-05,1
17.644478200003505,0.0,0.004,-2.550556e-05,1
17.66756390000228,0.0,0.004,-2.550556e-05,1
17.69042119999358,0.0,0.004,-2.550556e-05,1
17.71339170000283,0.0,0.004,-2.550556e-05,1
17.736286900006235,0.0,0.004,-2.368373e-05,1
17.76104260000284,0.0,0.004,-2.368373e-05,1
17.783185499996762,0.0,0.004,-2.368373e-05,1
17.807069200003752,0.0,0.004,-2.368373e-05,1
17.82943389999855,0.0,0.004,-2.368373e-05,1
17.854839999999967,0.0,0.004,-2.18619e-05,1
17.877359799997066,0.0,0.004,-2.18619e-05,1
17.901430800004164,0.0,0.004,-2.18619e-05,1
17.9242610999936,0.0,0.004,-2.18619e-05,1
17.947443700002623,0.0,0.004,-2.18619e-05,1
17.9702435000072,0.0,0.004,-2.18619e-05,1
17.99343349999981,0.0,0.004,-2.18619e-05,1
18.01626479999686,0.0,0.004,-2.18619e-05,1
18.03999570000451,0.0,0.004,-2.004008e-05,1
18.062388999998802,0.0,0.005,-2.004008e-05,1
18.087194799998542,0.0,0.004,-2.004008e-05,1
18.110225500000524,0.0,0.004,-2.004008e-05,1
18.134869700006675,0.0,0.004,-2.004008e-05,1
18.15667409999878,0.0,0.004,-2.004008e-05,1
18.180995300004724,0.0,0.004,-2.004008e-05,1
18.2028655000031,0.0,0.004,-2.004008e-05,1
18.22954749999917,0.0,0.004,-1.821825e-05,1
18.252466399993864,0.0,0.004,-1.821825e-05,1
18.27817600000708,0.0,0.004,-1.821825e-05,1
18.30123199999798,0.0,0.004,-1.821825e-05,1
18.32423120000749,0.0,0.004,-1.821825e-05,1
18.347284500006936,0.0,0.004,-1.821825e-05,1
18.37016289999883,0.0,0.004,-1.821825e-05,1
18.393437000006088,0.0,0.004,-1.821825e-05,1
18.416994200000772,0.0,0.004,-1.639643e-05,1
18.438911599994753,0.0,0.004,-1.821825e-05,1
18.461211200003163,0.0,0.004,-1.639643e-05,1
18.483653300005244,0.0,0.004,-1.821825e-05,1
18.507843400002457,0.0,0.004,-1.821825e-05,1
18.529584899995825,0.0,0.004,-1.639643e-05,1
18.555396399999154,0.0,0.004,-1.639643e-05,1
18.578151399997296,0.0,0.005,-1.639643e-05,1
18.60318570000527,0.0,0.004,-1.639643e-05,1
18.624875800000154,0.0,0.005,-1.639643e-05,1
18.64745170000242,0.0,0.004,-1.639643e-05,1
18.66914880000695,0.0,0.004,-1.639643e-05,1
18.69453649999923,0.0,0.004,-1.639643e-05,1
18.717309900006512,0.0,0.004,-1.639643e-05,1
18.742642099998193,0.0,0.004,-1.639643e-05,1
18.765103600002476,0.0,0.004,-1.639643e-05,1
18.79088000000047,0.0,0.004,-1.639643e-05,1
18.81332129999646,0.0,0.004,-1.639643e-05,1
18.83593149999797,0.0,0.004,-1.45746e-05,1
18.85928010000498,0.0,0.004,-1.45746e-05,1
18.88297770000645,0.0,0.004,-1.45746e-05,1
18.90508789999876,0.0,0.005,-1.45746e-05,1
18.930515900006867,0.0,0.004,-1.45746e-05,1
18.953345300004003,0.0,0.004,-1.45746e-05,1
18.977530000003753,0.0,0.004,-1.45746e-05,1
19.0000682999962,0.0,0.004,-1.45746e-05,1
19.02453369999421,0.0,0.004,-1.45746e-05,1
19.047376300004544,0.0,0.005,-1.45746e-05,1
19.071435200006817,0.0,0.004,-1.45746e-05,1
19.094174900004873,0.0,0.004,-1.45746e-05,1
19.1186646999995,0.0,0.004,-1.45746e-05,1
19.14034329999413,0.0,0.004,-1.45746e-05,1
19.164367499994114,0.0,0.004,-1.45746e-05,1
19.185806699999375,0.0,0.004,-1.45746e-05,1
19.209877900007996,0.0,0.004,-1.45746e-05,1
19.23081860000093,0.0,0.004,-1.275278e-05,1
19.255891000007978,0.0,0.004,-1.45746e-05,1
19.277091299998574,0.0,0.004,-1.275278e-05,1
19.30329530000745,0.0,0.004,-1.275278e-05,1
19.326193200002308,0.0,0.004,-1.45746e-05,1
19.35116370000469,0.0,0.004,-1.275278e-05,1
19.37419050000608,0.0,0.004,-1.275278e-05,1
19.398419499993906,0.0,0.004,-1.275278e-05,1
19.42121610000322,0.0,0.004,-1.275278e-05,1
19.44459110000753,0.0,0.004,-1.275278e-05,1
19.46708519999811,0.0,0.004,-1.275278e-05,1
19.491565100004664,0.0,0.004,-1.275278e-05,1
19.51405130000785,0.0,0.004,-1.275278e-05,1
19.537552800000412,0.0,0.004,-1.275278e-05,1
19.559993000002578,0.0,0.004,-1.275278e-05,1
19.58448320000025,0.0,0.004,-1.275278e-05,1
19.60706979999668,0.0,0.004,-1.275278e-05,1
19.631267999997362,0.0,0.004,-1.275278e-05,1
19.654178099997807,0.0,0.004,-1.275278e-05,1
19.678750200007926,0.0,0.004,-1.275278e-05,1
19.701023400004487,0.0,0.004,-1.275278e-05,1
19.724984000000404,0.0,0.004,-1.275278e-05,1
19.748464799995418,0.0,0.004,-1.275278e-05,1
19.771686499996576,0.0,0.004,-1.275278e-05,1
19.794370000003255,0.0,0.004,-1.275278e-05,1
19.8199878000014,0.0,0.004,-1.275278e-05,1
19.843150800006697,0.0,0.005,-1.275278e-05,1
19.86594309999782,0.0,0.004,-1.093095e-05,1
19.889419300001464,0.0,0.004,-1.275278e-05,1
19.91236370000115,0.0,0.004,-1.275278e-05,1
19.935233500000322,0.0,0.004,-1.275278e-05,1
19.956972400002996,0.0,0.004,-1.275278e-05,1
19.978004400007194,0.0,0.004,-1.275278e-05,1
20.00293079999392,0.0,0.004,-1.275278e-05,1
20.02504459999909,0.0,0.004,-1.275278e-05,1
20.051400700001977,2.0,1.963,0.0001949353,1
20.073933599996963,2.0,2.002,0.0001912917,1
20.096620600001188,2.0,2.002,0.000187648,1
20.11944239999866,2.0,2.002,0.0001821825,1
20.142991800006712,2.0,2.002,0.0001785389,1
20.165109599998686,2.0,2.002,0.0001748952,1
20.188004199997522,2.0,2.002,0.0001694298,1
20.21100939999451,2.0,2.002,0.0001657861,1
20.236706499999855,2.0,2.002,0.0001621425,1
20.259171700003208,2.0,2.002,0.0001584988,1
20.283076899999287,2.0,2.002,0.0001548552,1
20.30603809999593,2.0,2.002,0.0001512115,1
20.332173100003274,2.0,2.002,0.0001475679,1
20.354000199993607,2.0,2.002,0.0001439242,1
20.377205299999332,2.0,2.002,0.0001402806,1
20.3998014999961,2.0,2.002,0.0001384587,1
20.422601800004486,2.0,2.002,0.0001348151,1
20.443548600000213,2.0,2.002,0.0001329933,1
20.464715900001465,2.0,2.002,0.0001293496,1
20.48589820000052,2.0,2.002,0.0001275278,1
20.50702980000642,2.0,2.002,0.0001238841,1
20.533037900007912,2.0,2.002,0.0001220623,1
20.555960600002436,2.0,2.002,0.0001184187,1
20.582169400004204,2.0,2.002,0.000114775,1
20.6049067999993,2.0,2.002,0.0001129532,1
20.628586299993913,2.0,2.002,0.0001111313,1
20.649642899996252,2.0,2.002,0.0001093095,1
20.673953999998048,2.0,2.002,0.0001056659,1
20.695827999996254,2.0,2.002,0.000103844,1
20.721352099993965,2.0,2.002,0.0001020222,1
20.742904400001862,2.0,2.002,9.837857e-05,1
20.76829639999778,2.0,2.002,9.655675e-05,1
20.790905400004704,2.0,2.002,9.29131e-05,1
20.815902500005905,2.0,2.002,9.29131e-05,1
20.83907430000545,2.0,2.002,9.109127e-05,1
20.86261260000174,2.0,2.002,8.744762e-05,1
20.8849576000066,2.0,2.002,8.56258e-05,1
20.910829800006468,2.0,2.002,8.380397e-05,1
20.933992000005674,2.0,2.002,8.198214e-05,1
20.95854330000293,2.0,2.002,8.016032e-05,1
20.979799900000216,2.0,2.002,7.833849e-05,1
21.004464900004677,2.0,2.002,7.651667e-05,1
21.025819200003752,2.0,2.002,7.469484e-05,1
21.050662800000282,2.0,2.002,7.287302e-05,1
21.07206989999395,2.0,2.002,7.105119e-05,1
21.09854120000091,2.0,2.002,7.105119e-05,1
21.12107959999412,2.0,2.002,6.922937e-05,1
21.14609530000598,2.0,2.002,6.740754e-05,1
21.16786200000206,2.0,2.002,6.558571e-05,1
21.192175100004533,2.0,2.002,6.376389e-05,1
21.21504169999389,2.0,2.002,6.194206e-05,1
21.240210899995873,2.0,2.002,6.194206e-05,1
21.262984900007723,2.0,2.002,6.012024e-05,1
21.286460699993768,2.0,2.002,5.829841e-05,1
21.308807399997022,2.0,2.002,5.647659e-05,1
21.333861100007198,2.0,2.002,5.647659e-05,1
21.357010399995488,2.0,2.002,5.465476e-05,1
21.380048799997894,2.0,2.002,5.465476e-05,1
21.402960699997493,2.0,2.002,5.283294e-05,1
21.426400500000454,2.0,2.002,5.101111e-05,1
21.448848500003805,2.0,2.002,5.101111e-05,1
21.4726956999948,2.0,2.002,4.918929e-05,1
21.495926500007045,2.0,2.002,4.918929e-05,1
21.518984700000146,2.0,2.002,4.736746e-05,1
21.54172199999448,2.0,2.002,4.554564e-05,1
21.566230700002052,2.0,2.002,4.554564e-05,1
21.58926340000471,2.0,2.002,4.372381e-05,1
21.613686400000006,2.0,2.002,4.190199e-05,1
21.636671000000206,2.0,2.002,4.190199e-05,1
21.6608128999942,2.0,2.002,4.008016e-05,1
21.683818599994993,2.0,2.002,4.008016e-05,1
21.707899000000907,2.0,2.002,3.825833e-05,1
21.730910900005256,2.0,2.002,4.008016e-05,1
21.75505290000001,2.0,2.002,3.643651e-05,1
21.7778307999979,2.0,2.002,3.643651e-05,1
21.800912999999127,2.0,2.002,3.643651e-05,1
21.823955700005172,2.0,2.002,3.461468e-05,1
21.847892999998294,2.0,2.002,3.461468e-05,1
21.8708617999946,2.0,2.002,3.461468e-05,1
21.894625999993877,2.0,2.002,3.279286e-05,1
21.916871499997796,2.0,2.002,3.279286e-05,1
21.942065399998683,2.0,2.002,3.097103e-05,1
21.96493859999464,2.0,2.002,3.097103e-05,1
21.989309500000672,2.0,2.002,3.097103e-05,1
22.01299800000561,2.0,2.002,2.914921e-05,1
22.035861700001988,2.0,2.002,2.914921e-05,1
22.059084699998493,2.0,2.002,2.914921e-05,1
22.08147829999507,2.0,2.002,2.914921e-05,1
22.103902100003324,2.0,2.002,2.732738e-05,1
22.129224799995427,2.0,2.002,2.732738e-05,1
22.15184940000472,2.0,2.002,2.732738e-05,1
22.175906300006318,2.0,2.002,2.550556e-05,1
22.199270299999625,2.0,2.002,2.550556e-05,1
22.222859700006666,2.0,2.002,2.550556e-05,1
22.246477199994843,2.0,2.002,2.368373e-05,1
22.26836240000557,2.0,2.002,2.368373e-05,1
22.290196200003265,2.0,2.002,2.368373e-05,1
22.315471299996716,2.0,2.002,2.18619e-05,1
22.338025000004563,2.0,2.002,2.368373e-05,1
22.363612700006342,2.0,2.002,2.18619e-05,1
22.387231800006703,2.0,2.002,2.18619e-05,1
22.410764600004768,2.0,2.002,2.18619e-05,1
22.43379470000218,2.0,2.002,2.004008e-05,1
22.458026199994492,2.0,2.002,2.004008e-05,1
22.480865899997298,2.0,2.002,2.004008e-05,1
22.505453300007503,2.0,2.002,2.004008e-05,1
22.527796499998658,2.0,2.002,1.821825e-05,1
22.55213999999978,2.0,2.002,1.821825e-05,1
22.575030599997262,2.0,2.002,1.821825e-05,1
22.59952630000771,2.0,2.002,1.821825e-05,1
22.621852600001148,2.0,2.002,1.821825e-05,1
22.64597450000292,2.0,2.002,1.639643e-05,1
22.669246400007978,2.0,2.002,1.639643e-05,1
22.690489000000525,2.0,2.002,1.639643e-05,1
22.711437499994645,2.0,2.002,1.639643e-05,1
22.73611759999767,2.0,2.002,1.639643e-05,1
22.75742850000097,2.0,2.002,1.639643e-05,1
22.782740099995863,2.0,2.002,1.639643e-05,1
22.803404899997986,2.0,2.002,1.45746e-05,1
22.82441950000066,2.0,2.002,1.45746e-05,1
22.845372900002985,2.0,2.002,1.45746e-05,1
22.866515600006096,2.0,2.002,1.45746e-05,1
22.892551900004037,2.0,2.002,1.45746e-05,1
22.913712499997928,2.0,2.002,1.45746e-05,1
22.93831090000458,2.0,2.002,1.45746e-05,1
22.959385099995416,2.0,2.002,1.45746e-05,1
22.98044280000613,2.0,2.002,1.275278e-05,1
23.001558699994348,2.0,2.002,1.275278e-05,1
23.022437399995397,2.0,2.002,1.275278e-05,1
23.047483200003626,2.0,2.002,1.275278e-05,1
23.068487900003674,2.0,2.002,1.093095e-05,1
23.09387090000382,2.0,2.002,1.093095e-05,1
23.115666300000157,2.0,2.002,1.275278e-05,1
23.139502599995467,2.0,2.002,1.275278e-05,1
23.161011100004544,2.0,2.002,1.093095e-05,1
23.185739000007743,2.0,2.002,1.093095e-05,1
23.207668100003502,2.0,2.002,1.093095e-05,1
23.232793500006665,2.0,2.002,1.093095e-05,1
23.254361500003142,2.0,2.002,1.093095e-05,1
23.279587800003355,2.0,2.002,1.093095e-05,1
23.30057819999638,2.0,2.002,1.093095e-05,1
23.327107699995395,2.0,2.002,1.093095e-05,1
23.34840489999624,2.0,2.002,9.109127e-06,1
23.37327720000758,2.0,2.002,9.109127e-06,1
23.39472470000328,2.0,2.002,1.093095e-05,1
23.419267100005527,2.0,2.002,1.093095e-05,1
23.440402899999754,2.0,2.002,9.109127e-06,1
23.465953699997044,2.0,2.002,9.109127e-06,1
23.487324899993837,2.0,2.002,9.109127e-06,1
23.512349099997664,2.0,2.002,9.109127e-06,1
23.533389699994586,2.0,2.002,9.109127e-06,1
23.55438519999734,2.0,2.002,9.109127e-06,1
23.57555730000604,2.0,2.002,9.109127e-06,1
23.596382500007167,2.0,2.002,9.109127e-06,1
23.622057000000495,2.0,2.002,9.109127e-06,1
23.643377700005658,2.0,2.002,9.109127e-06,1
23.66828670000541,2.0,2.002,9.109127e-06,1
23.68940119999752,2.0,2.002,9.109127e-06,1
23.715102999994997,2.0,2.002,9.109127e-06,1
23.73634580000362,2.0,2.002,9.109127e-06,1
23.763052599999355,2.0,2.002,7.287302e-06,1
23.784359099998255,2.0,2.002,9.109127e-06,1
23.809565799994743,2.0,2.002,7.287302e-06,1
23.83034210000187,2.0,2.002,7.287302e-06,1
23.85133940000378,2.0,2.002,7.287302e-06,1
23.873303600004874,2.0,2.002,7.287302e-06,1
23.89432900000247,2.0,2.002,7.287302e-06,1
23.92008640000131,2.0,2.002,7.287302e-06,1
23.941360800003167,2.0,2.002,7.287302e-06,1
23.96703840000555,2.0,2.002,7.287302e-06,1
23.988301499994122,2.0,2.002,7.287302e-06,1
24.012433099996997,2.0,2.002,7.287302e-06,1
24.03329219999432,2.0,2.002,7.287302e-06,1
24.058993500002543,2.0,2.002,7.287302e-06,1
24.080295699997805,2.0,2.002,7.287302e-06,1
24.104309200003627,2.0,2.002,7.287302e-06,1
24.1253149999975,2.0,2.002,7.287302e-06,1
24.146332999996957,2.0,2.002,7.287302e-06,1
24.167261199996574,2.0,2.002,7.287302e-06,1
24.188292599996203,2.0,2.002,7.287302e-06,1
24.212882799998624,2.0,2.002,7.287302e-06,1
24.23425419999694,2.0,2.002,7.287302e-06,1
24.25528569999733,2.0,2.002,7.287302e-06,1
24.276199700005236,2.0,2.002,7.287302e-06,1
24.297238500003004,2.0,2.002,7.287302e-06,1
24.32277110000723,2.0,2.002,7.287302e-06,1
24.34421189999557,2.0,2.002,7.287302e-06,1
24.369260399995255,2.0,2.002,7.287302e-06,1
24.390204499999527,2.0,2.002,7.287302e-06,1
24.414981099995202,2.0,2.002,5.465476e-06,1
24.436212200002046,2.0,2.002,5.465476e-06,1
24.461662100002286,2.0,2.002,7.287302e-06,1
24.483191799998167,2.0,2.002,5.465476e-06,1
24.504243600007612,2.0,2.002,7.287302e-06,1
24.525253200001316,2.0,2.002,7.287302e-06,1
24.54644059999555,2.0,2.002,7.287302e-06,1
24.571567299994058,2.0,2.002,7.287302e-06,1
24.594121899994207,2.0,2.002,7.287302e-06,1
24.62108559999615,2.0,2.002,7.287302e-06,1
24.643583400000352,2.0,2.002,5.465476e-06,1
24.670003999999608,2.0,2.002,7.287302e-06,1
24.69178639999882,2.0,2.002,5.465476e-06,1
24.714993100002175,2.0,2.002,5.465476e-06,1
24.736190099996747,2.0,2.002,5.465476e-06,1
24.760694199998397,2.0,2.002,5.465476e-06,1
24.782523100002436,2.0,2.002,5.465476e-06,1
24.80872729999828,2.0,2.002,5.465476e-06,1
24.83205270000326,2.0,2.002,5.465476e-06,1
24.857146700000158,2.0,2.002,7.287302e-06,1
24.879689499997767,2.0,2.002,5.465476e-06,1
24.90353110000433,2.0,2.002,5.465476e-06,1
24.926541599998018,2.0,2.002,5.465476e-06,1
24.95085249999829,2.0,2.002,5.465476e-06,1
24.973606300001848,2.0,2.002,5.465476e-06,1
24.997482599996147,2.0,2.002,7.287302e-06,1
25.02144280000357,2.0,2.002,5.465476e-06,1
25.043918099996517,2.0,2.002,5.465476e-06,1
25.06620970000222,0.0,0.059,-0.0002022226,1
25.0909912000061,0.0,0.005,-0.0001967571,1
25.11354360000405,0.0,0.004,-0.0001931135,1
25.137747100001434,0.0,0.004,-0.000187648,1
25.159676199997193,0.0,0.004,-0.0001840044,1
25.18322150000313,0.0,0.004,-0.0001803607,1
25.20495349999692,0.0,0.004,-0.0001767171,1
25.23287469999923,0.0,0.004,-0.0001712516,1
25.255482399996254,0.0,0.004,-0.0001676079,1
25.27991149999434,0.0,0.004,-0.0001639643,1
25.302779100005864,0.0,0.004,-0.0001603206,1
25.327465199996368,0.0,0.004,-0.000156677,1
25.34997029999795,0.0,0.004,-0.0001530333,1
25.372618900000816,0.0,0.004,-0.0001512115,1
25.39527459999954,0.0,0.004,-0.0001475679,1
25.42050239999662,0.0,0.004,-0.0001439242,1
25.443342500002473,0.0,0.004,-0.0001402806,1
25.467002400007914,0.0,0.004,-0.0001384587,1
25.489142799997353,0.0,0.004,-0.0001348151,1
25.515087000007043,0.0,0.004,-0.0001329933,1
25.536250799996196,0.0,0.004,-0.0001293496,1
25.558728300005896,0.0,0.004,-0.0001275278,1
25.580074199999217,0.0,0.004,-0.0001257059,1
25.60515440000745,0.0,0.004,-0.0001220623,1
25.626009100000374,0.0,0.004,-0.0001184187,1
25.64703890000237,0.0,0.004,-0.0001165968,1
25.668131400001585,0.0,0.004,-0.000114775,1
25.689047899999423,0.0,0.004,-0.0001129532,1
25.713816600007704,0.0,0.004,-0.0001111313,1
25.73507090000203,0.0,0.004,-0.0001093095,1
25.756047899994883,0.0,0.004,-0.0001056659,1
25.77700879999611,0.0,0.004,-0.000103844,1
25.798127999994904,0.0,0.004,-0.0001020222,1
25.82308770000236,0.0,0.004,-0.0001002004,1
25.84419620000699,0.0,0.004,-9.837857e-05,1
25.86936890000652,0.0,0.004,-9.655675e-05,1
25.891321400005836,0.0,0.004,-9.473492e-05,1
25.916519100006553,0.0,0.004,-9.29131e-05,1
25.938243900003727,0.0,0.004,-9.109127e-05,1
25.963896000001114,0.0,0.004,-8.926944e-05,1
25.98531479999656,0.0,0.004,-8.744762e-05,1
26.012694400007604,0.0,0.005,-8.56258e-05,1
26.0353763000021,0.0,0.004,-8.380397e-05,1
26.05894220000482,0.0,0.004,-8.198214e-05,1
26.080576599997585,0.0,0.004,-8.016032e-05,1
26.10378999999375,0.0,0.004,-7.833849e-05,1
26.12548170000082,0.0,0.004,-7.833849e-05,1
26.150727000000188,0.0,0.004,-7.651667e-05,1
26.172193999998854,0.0,0.004,-7.469484e-05,1
26.196628599995165,0.0,0.004,-7.287302e-05,1
26.218304699999862,0.0,0.004,-7.105119e-05,1
26.244285699998727,0.0,0.004,-6.922937e-05,1
26.26757159999397,0.0,0.004,-6.922937e-05,1
26.291832600007183,0.0,0.004,-6.740754e-05,1
26.312968199999887,0.0,0.004,-6.558571e-05,1
26.33743610000238,0.0,0.004,-6.558571e-05,1
26.359228899993468,0.0,0.005,-6.376389e-05,1
26.385634100006428,0.0,0.004,-6.194206e-05,1
26.40898079999897,0.0,0.004,-6.194206e-05,1
26.434395300006145,0.0,0.004,-6.012024e-05,1
26.457447399996454,0.0,0.004,-6.012024e-05,1
26.481742000003578,0.0,0.004,-5.829841e-05,1
26.50447620000341,0.0,0.004,-5.647659e-05,1
26.530444100004388,0.0,0.004,-5.647659e-05,1
26.55335479999485,0.0,0.004,-5.465476e-05,1
26.576344900007825,0.0,0.004,-5.465476e-05,1
26.599456399999326,0.0,0.004,-5.283294e-05,1
26.622145899993484,0.0,0.004,-5.283294e-05,1
26.644989499996882,0.0,0.004,-5.101111e-05,1
26.666966499993578,0.0,0.004,-5.101111e-05,1
26.68809450000117,0.0,0.004,-4.918929e-05,1
26.712529099997482,0.0,0.004,-4.918929e-05,1
26.734296199996606,0.0,0.004,-4.736746e-05,1
26.760499099997105,0.0,0.004,-4.736746e-05,1
26.782123400000273,0.0,0.004,-4.554564e-05,1
26.807873800004018,0.0,0.005,-4.554564e-05,1
26.82922790000157,0.0,0.004,-4.372381e-05,1
26.856190999998944,0.0,0.004,-4.372381e-05,1
26.87914410000667,0.0,0.004,-4.372381e-05,1
26.90212070000416,0.0,0.004,-4.190199e-05,1
26.92538109999441,0.0,0.004,-4.190199e-05,1
26.947956000003614,0.0,0.004,-4.008016e-05,1
26.969811000002665,0.0,0.004,-4.008016e-05,1
26.99555259999761,0.0,0.004,-4.008016e-05,1
27.01847490000364,0.0,0.004,-3.825833e-05,1
27.042920899999444,0.0,0.004,-3.643651e-05,1
27.066165600001113,0.0,0.004,-3.825833e-05,1
27.09035159999621,0.0,0.004,-3.643651e-05,1
27.113456599996425,0.0,0.004,-3.643651e-05,1
27.136658100003842,0.0,0.004,-3.643651e-05,1
27.158848999999464,0.0,0.004,-3.461468e-05,1
27.182619300001534,0.0,0.004,-3.461468e-05,1
27.206142099996214,0.0,0.004,-3.461468e-05,1
27.228547000006074,0.0,0.004,-3.461468e-05,1
27.249789900000906,0.0,0.004,-3.279286e-05,1
27.274054099994828,0.0,0.004,-3.279286e-05,1
27.294833399995696,0.0,0.004,-3.279286e-05,1
27.316006499997457,0.0,0.004,-3.097103e-05,1
27.336793099995703,0.0,0.004,-3.097103e-05,1
27.358423600002425,0.0,0.004,-3.097103e-05,1
27.38748889999988,0.0,0.004,-3.097103e-05,1
27.41005619999487,0.0,0.004,-3.097103e-05,1
27.433049400002346,0.0,0.004,-2.914921e-05,1
27.456148900004337,0.0,0.004,-2.914921e-05,1
27.480049599995255,0.0,0.004,-2.914921e-05,1
27.503085200005444,0.0,0.004,-2.732738e-05,1
27.52715039999748,0.0,0.004,-2.732738e-05,1
27.550147899994045,0.0,0.004,-2.732738e-05,1
27.573252799993497,0.0,0.004,-2.732738e-05,1
27.596145300005446,0.0,0.004,-2.732738e-05,1
27.619926100000157,0.0,0.004,-2.732738e-05,1
27.643248799999128,0.0,0.004,-2.550556e-05,1
27.66597780000302,0.0,0.004,-2.550556e-05,1
27.689263199994457,0.0,0.004,-2.550556e-05,1
27.712016200006474,0.0,0.004,-2.368373e-05,1
27.7352147000056,0.0,0.004,-2.368373e-05,1
27.757617299997946,0.0,0.004,-2.550556e-05,1
27.778656599999522,0.0,0.004,-2.368373e-05,1
27.79968050000025,0.0,0.004,-2.368373e-05,1
27.820721099997172,0.0,0.004,-2.368373e-05,1
27.84188439999707,0.0,0.004,-2.368373e-05,1
27.866925700000138,0.0,0.004,-2.18619e-05,1
27.8883485999977,0.0,0.004,-2.368373e-05,1
27.915168199993786,0.0,0.004,-2.18619e-05,1
27.937928200000897,0.0,0.004,-2.18619e-05,1
27.962048100001994,0.0,0.004,-2.18619e-05,1
27.985036700003548,0.0,0.004,-2.18619e-05,1
28.009555500000715,0.0,0.004,-2.18619e-05,1
28.032170399994357,0.0,0.004,-2.18619e-05,1
28.05665830000362,0.0,0.004,-2.004008e-05,1
28.07937849999871,0.0,0.004,-2.004008e-05,1
28.103745600004913,0.0,0.004,-2.004008e-05,1
28.125952000002144,0.0,0.004,-2.18619e-05,1
28.149735900005908,0.0,0.004,-2.004008e-05,1
28.17146589999902,0.0,0.004,-2.004008e-05,1
28.197429199994076,0.0,0.004,-2.004008e-05,1
28.21976399999403,0.0,0.004,-2.004008e-05,1
28.244547700000112,0.0,0.004,-2.004008e-05,1
28.266790699999547,0.0,0.004,-1.821825e-05,1
28.29019369999878,0.0,0.004,-1.821825e-05,1
28.312862699996913,0.0,0.004,-1.821825e-05,1
28.337476800006698,0.0,0.004,-1.821825e-05,1
28.359909599996172,0.0,0.004,-1.821825e-05,1
28.385373900004197,0.0,0.004,-1.821825e-05,1
28.40861959999893,0.0,0.004,-1.821825e-05,1
28.430162000004202,0.0,0.004,-1.821825e-05,1
28.452117499997257,0.0,0.004,-1.821825e-05,1
28.476439100006246,0.0,0.004,-1.821825e-05,1
28.498896699995385,0.0,0.004,-1.639643e-05,1
28.52359090000391,0.0,0.004,-1.821825e-05,1
28.5447994999995,0.0,0.004,-1.639643e-05,1
28.57032290000643,0.0,0.004,-1.639643e-05,1
28.59187390000443,0.0,0.004,-1.639643e-05,1
28.616953699995065,0.0,0.004,-1.639643e-05,1
28.639734399999725,0.0,0.004,-1.639643e-05,1
28.6643722000008,0.0,0.004,-1.639643e-05,1
28.686979899997823,0.0,0.004,-1.639643e-05,1
28.710396700000274,0.0,0.004,-1.639643e-05,1
28.73306440000306,0.0,0.004,-1.639643e-05,1
28.757045799997286,0.0,0.004,-1.639643e-05,1
28.77882310000132,0.0,0.004,-1.45746e-05,1
28.80080490000546,0.0,0.004,-1.639643e-05,1
28.821797600001446,0.0,0.004,-1.639643e-05,1
28.846834399999352,0.0,0.004,-1.45746e-05,1
28.86827710000216,0.0,0.004,-1.45746e-05,1
28.89567779999925,0.0,0.004,-1.45746e-05,1
28.919241199997487,0.0,0.004,-1.45746e-05,1
28.942467500004568,0.0,0.004,-1.45746e-05,1
28.964808499993524,0.0,0.004,-1.45746e-05,1
28.989783199998783,0.0,0.004,-1.45746e-05,1
29.012809599997126,0.0,0.004,-1.45746e-05,1
29.036270099997637,0.0,0.004,-1.45746e-05,1
29.05908950000594,0.0,0.004,-1.45746e-05,1
29.083939400006784,0.0,0.004,-1.45746e-05,1
29.10698070000217,0.0,0.004,-1.45746e-05,1
29.130721299996367,0.0,0.004,-1.45746e-05,1
29.15374840000004,0.0,0.004,-1.45746e-05,1
29.178735399997095,0.0,0.004,-1.45746e-05,1
29.200961599999573,0.0,0.004,-1.45746e-05,1
29.225814100005664,0.0,0.004,-1.45746e-05,1
29.24933289999899,0.0,0.004,-1.275278e-05,1
29.273047399998177,0.0,0.004,-1.275278e-05,1
29.295917499999632,0.0,0.004,-1.45746e-05,1
29.32027100000414,0.0,0.004,-1.275278e-05,1
29.342901800002437,0.0,0.004,-1.275278e-05,1
29.368547000005492,0.0,0.004,-1.275278e-05,1
29.39106140000513,0.0,0.004,-1.275278e-05,1
29.415748400002485,0.0,0.004,-1.275278e-05,1
29.438947999995435,0.0,0.004,-1.45746e-05,1
29.46315820000018,0.0,0.004,-1.275278e-05,1
29.485815399995772,0.0,0.004,-1.275278e-05,1
29.509230700001353,0.0,0.004,-1.275278e-05,1
29.532040399994003,0.0,0.004,-1.275278e-05,1
29.555693700007396,0.0,0.004,-1.275278e-05,1
29.579246799999964,0.0,0.004,-1.275278e-05,1
29.60259419999784,0.0,0.004,-1.275278e-05,1
29.62472219999472,0.0,0.004,-1.275278e-05,1
29.64974419999635,0.0,0.004,-1.275278e-05,1
29.672739000001457,0.0,0.004,-1.275278e-05,1
29.69487609999487,0.0,0.004,-1.275278e-05,1
29.717113299993798,0.0,0.004,-1.275278e-05,1
29.743086999995285,0.0,0.004,-1.275278e-05,1
29.766927000004216,0.0,0.004,-1.275278e-05,1
29.791023600002518,0.0,0.004,-1.275278e-05,1
29.813954099998227,0.0,0.004,-1.275278e-05,1
29.83928260000539,0.0,0.004,-1.275278e-05,1
29.862434900001972,0.0,0.004,-1.275278e-05,1
29.885635600003297,0.0,0.004,-1.275278e-05,1
29.90919120000035,0.0,0.004,-1.275278e-05,1
29.931179299994255,0.0,0.004,-1.275278e-05,1
29.952405799995176,0.0,0.004,-1.275278e-05,1
29.97464270000637,0.0,0.004,-1.275278e-05,1
29.99543939999421,0.0,0.004,-1.275278e-05,1
30.016759499994805,0.0,0.004,-1.275278e-05,1
30.038805500007584,0.0,0.004,-1.275278e-05,1
