cycle,time(s),voltage(V),j_current(mA/cm²),power(mW),power_density(mW/cm²),PCE(%),direction,step(V),mode
0,2.0008810000144877,0.5,-2.8121469444444442,7.030367361111111,1.4060734722222221,1.4060734722222221,1,0.1,EXPLORE
1,4.003259099990828,0.6,-2.8039064444444444,8.411719333333332,1.6823438666666666,1.6823438666666666,1,0.1,EXPLORE
2,6.007475400023395,0.7,-2.7781783742690056,9.723624309941519,1.9447248619883037,1.9447248619883037,1,0.1,EXPLORE
3,8.008162400015863,0.7999999999999999,-2.700893247058824,10.803572988235295,2.160714597647059,2.160714597647059,1,0.1,EXPLORE
4,10.011780600005295,0.8999999999999999,-2.457288282352941,11.057797270588233,2.211559454117647,2.211559454117647,1,0.1,EXPLORE
5,12.01635979997809,0.9999999999999999,-1.6683244259259262,8.341622129629629,1.668324425925926,1.6683244259259256,-1,0.05,REFINE
6,14.020623299991712,0.9499999999999998,-2.1720391234567904,10.317185836419753,2.0634371672839507,2.0634371672839507,-1,0.05,REFINE
7,16.02754999996978,0.8999999999999998,-2.4486097041420125,11.018743668639052,2.2037487337278105,2.2037487337278105,-1,0.05,REFINE
8,18.03711750000366,0.8499999999999998,-2.6004004444444444,11.051701888888886,2.210340377777777,2.210340377777777,-1,0.05,REFINE
9,20.044588999968255,0.7999999999999997,-2.6825837076023396,10.730334830409355,2.1460669660818708,2.146066966081871,1,0.05,REFINE
10,22.05509689997416,0.8499999999999998,-2.5893509707602336,11.00474162573099,2.200948325146198,2.200948325146198,1,0.05,REFINE
11,24.059735099988757,0.8999999999999998,-2.4299719415204684,10.934873736842105,2.186974747368421,2.186974747368421,-1,0.05,REFINE
12,26.06154080000124,0.8499999999999998,-2.5832050177514794,10.978621325443784,2.195724265088757,2.195724265088757,-1,0.05,REFINE
13,28.065915299986955,0.7999999999999997,-2.6650710235294115,10.66028409411764,2.1320568188235285,2.132056818823528,1,0.05,REFINE
14,30.06932589999633,0.8499999999999998,-2.5716246549707606,10.92940478362573,2.185880956725146,2.185880956725146,1,0.05,REFINE
15,32.08099649997894,0.8999999999999998,-2.4068425497076023,10.830791473684208,2.1661582947368414,2.1661582947368414,-1,0.05,REFINE
16,34.08329330000561,0.8499999999999998,-2.5574997999999995,10.869374149999997,2.173874829999999,2.173874829999999,-1,0.05,REFINE
17,36.09313429999747,0.7999999999999997,-2.6434989005847953,10.573995602339178,2.1147991204678354,2.1147991204678354,1,0.05,REFINE
18,38.1054359000118,0.8499999999999998,-2.550280362573099,10.838691540935669,2.1677383081871335,2.1677383081871335,1,0.05,REFINE
19,40.10964530002093,0.8999999999999998,-2.3943828538011696,10.77472284210526,2.154944568421052,2.154944568421052,-1,0.05,REFINE
20,42.117275399999926,0.8499999999999998,-2.556598456140351,10.86554343859649,2.1731086877192975,2.173108687719298,-1,0.05,REFINE
21,44.11889009998413,0.7999999999999997,-2.63319767251462,10.532790690058475,2.106558138011695,2.1065581380116947,1,0.05,REFINE
22,46.12769689998822,0.8499999999999998,-2.538323917159763,10.78787664792899,2.157575329585798,2.1575753295857982,1,0.05,REFINE
23,48.133606600022176,0.8999999999999998,-2.370904388235294,10.66906974705882,2.1338139494117643,2.1338139494117643,-1,0.05,REFINE
24,50.13513400001102,0.8499999999999998,-2.5284678,10.745988149999997,2.1491976299999993,2.1491976299999993,-1,0.05,REFINE
25,52.14507240001694,0.7999999999999997,-2.614826847058823,10.459307388235288,2.0918614776470577,2.0918614776470577,1,0.05,REFINE
26,54.148964199994225,0.8499999999999998,-2.5190825529411764,10.706100849999997,2.1412201699999995,2.1412201699999995,1,0.05,REFINE
27,56.15502760000527,0.8999999999999998,-2.3539061169590645,10.592577526315788,2.1185155052631575,2.118515505263158,-1,0.05,REFINE
28,58.16662850001012,0.8499999999999998,-2.507260608187135,10.65585758479532,2.131171516959064,2.131171516959064,-1,0.05,REFINE
29,60.176614800002426,0.7999999999999997,-2.5954909005847955,10.381963602339178,2.076392720467836,2.0763927204678354,1,0.05,REFINE
