time(s),cycle,voltage(V),current(A),j_current(mA/cm²),power(mW),power_density(mW/cm²),method
0.2643646000069566,0,0.49974119040369985,-0.017011122852563856,-3.4022245705127716,8.501158784443843,1.700231756888769,fixed
0.5562725000199862,0,0.49973204922676084,-0.016998577398248015,-3.399715479649603,8.494733917166181,1.6989467834332364,fixed
0.8585917000018526,0,0.49973994061350824,-0.01700384946167469,-3.400769892334938,8.497502720178343,1.6995005440356687,fixed
1.1602256000041962,0,0.4997314244508743,-0.016981826822273432,-3.3963653644546867,8.486352507672766,1.6972705015345535,fixed
1.4440715000091586,0,0.4997361116707325,-0.016978665155358612,-3.3957330310717224,8.484852106098266,1.6969704212196532,fixed
1.7439620000077412,0,0.499729705452919,-0.016960380459204318,-3.3920760918408632,8.475605931247616,1.6951211862495232,fixed
2.0315450000052806,0,0.4997250175178051,-0.016956782673485576,-3.3913565346971155,8.473728518553193,1.694745703710639,fixed
2.3125285000132862,1,0.5994101789593697,-0.01689434368163347,-3.3788687363266945,10.126641569609015,2.0253283139218032,fixed
2.600613600021461,1,0.5994086161255836,-0.016882039689458908,-3.3764079378917815,10.11924004763574,2.023848009527148,fixed
2.9084960000182036,1,0.5994083817005158,-0.016871612379327418,-3.3743224758654833,10.112985872971038,2.0225971745942073,fixed
3.220195700036129,1,0.5994058811664581,-0.01687235217541456,-3.3744704350829124,10.11338712305517,2.022677424611034,fixed
3.5087657000112813,1,0.5994024429321289,-0.016877086884342134,-3.375417376868427,10.116167108052467,2.0232334216104935,fixed
3.804867400031071,1,0.5994003331065177,-0.016868598696775733,-3.373719739355147,10.111043677887546,2.022208735577509,fixed
4.149866600026144,1,0.5994030680656434,-0.016856006550602615,-3.371201310120523,10.10354204176579,2.020708408353158,fixed
4.430482300027506,2,0.6991241428852081,-0.016670145785436033,-3.334029157087207,11.65450138401443,2.330900276802886,fixed
4.7381451000401285,2,0.6991328154206276,-0.016669281359761954,-3.3338562719523908,11.654041608088962,2.330808321617792,fixed
5.039157800027169,2,0.6991228142380714,-0.01667851715348661,-3.335703430697322,11.660331849663507,2.3320663699327016,fixed
5.336482900020201,2,0.6991254715323448,-0.0166697018770501,-3.3339403754100205,11.654213185096266,2.3308426370192534,fixed
5.619625600025756,2,0.699122033059597,-0.016659033221192658,-3.3318066442385317,11.646697174407578,2.3293394348815157,fixed
5.891914000036195,2,0.6991214081645012,-0.016647873923182486,-3.3295747846364976,11.638885060120419,2.327777012024084,fixed
6.19095020001987,2,0.6991250020265579,-0.016643248219043016,-3.3286496438086033,11.635710944866954,2.327142188973391,fixed
6.4783309000195,3,0.798644917011261,-0.015977452870458365,-3.195490574091673,12.760311521778554,2.5520623043557107,fixed
6.752918800018961,3,0.7986590606570244,-0.015969790104776622,-3.1939580209553244,12.75441756397074,2.5508835127941483,fixed
7.013351100002183,3,0.7986521060466767,-0.015971682438626886,-3.1943364877253773,12.755817816718084,2.551163563343617,fixed
7.312613100017188,3,0.7986535907387734,-0.015962828219868243,-3.1925656439736487,12.748770076143995,2.549754015228799,fixed
7.61185420001857,3,0.7986614830493927,-0.015964572581462562,-3.1929145162925123,12.75028921416056,2.550057842832112,fixed
7.899282000027597,3,0.7986571071147919,-0.015967251402325928,-3.1934502804651856,12.75235881355623,2.550471762711246,fixed
8.18142550002085,3,0.7986510120630265,-0.015958615262061358,-3.1917230524122715,12.745364230169764,2.549072846033953,fixed
8.477845700021135,3,0.7986564820408821,-0.01596383277606219,-3.192766555212438,12.749618524818759,2.5499237049637515,fixed
8.770758000027854,4,0.8982939239740372,-0.01385787534993142,-2.771575069986284,12.448445226032979,2.4896890452065956,fixed
9.036771800019778,4,0.8982971275448799,-0.01384043165575713,-2.7680863311514257,12.432820000347856,2.486564000069571,fixed
9.315076700033387,4,0.8982940021157265,-0.013832932436838747,-2.766586487367749,12.426040239684328,2.4852080479368652,fixed
9.605113800032996,4,0.8982922831177711,-0.013823486392386258,-2.7646972784772514,12.417531152064093,2.4835062304128184,fixed
9.896773400017992,4,0.8982941585183144,-0.013831546301953495,-2.766309260390699,12.424797246320418,2.4849594492640836,fixed
10.15914650002378,4,0.8982992374897003,-0.01382780834659934,-2.765561669319868,12.4215096939039,2.48430193878078,fixed
10.414765900030034,4,0.89829806548357,-0.013812716485932469,-2.762543297186494,12.407936498386153,2.481587299677231,fixed
10.694693500030553,4,0.8983046293854714,-0.013819958734326064,-2.763991746865213,12.414532908961284,2.482906581792257,fixed
10.9782525000046,5,0.8478442001342773,-0.015178883086889982,-3.0357766173779965,12.869327989735947,2.5738655979471896,fixed
11.238100300019141,5,0.8478483414053917,-0.015166244228370488,-3.0332488456740974,12.858675014373013,2.571735002874602,fixed
11.49061590002384,5,0.8478436529040336,-0.015170753091573716,-3.034150618314743,12.862426718465022,2.5724853436930037,fixed
11.737569700024324,5,0.8478467790484429,-0.015181273818947376,-3.036254763789475,12.871394109246985,2.574278821849397,fixed
12.026392800005851,5,0.8478442004919052,-0.015182940293103457,-3.0365880586206915,12.872767873922633,2.574553574784527,fixed
12.307712600013474,5,0.8478477948307991,-0.015183064888231457,-3.0366129776462913,12.872928084259973,2.5745856168519947,fixed
12.602873100026045,5,0.8478471695780754,-0.015165340883657336,-3.0330681767314673,12.85789134389554,2.5715782687791084,fixed
12.889367300027516,5,0.8478588123321533,-0.01516069960128516,-3.032139920257032,12.854132758070188,2.570826551614037,fixed
13.185451600002125,6,0.7974393099546433,-0.015902063494548202,-3.1804126989096404,12.680930539947441,2.5361861079894883,fixed
13.486096900014672,6,0.7974507186412811,-0.01590196227096021,-3.1803924541920425,12.68103124078376,2.536206248156752,fixed
13.778160600020783,6,0.7974504842162132,-0.01589960269536823,-3.1799205390736462,12.679145868266804,2.535829173653361,fixed
14.076019100000849,6,0.7974404820799827,-0.015896020524203778,-3.1792041048407556,12.676130269974362,2.5352260539948723,fixed
14.371425100020133,6,0.797445483148098,-0.01589341173414141,-3.1786823468282823,12.674129399204048,2.5348258798408096,fixed
14.660881499992684,6,0.7974522814750672,-0.01588689375296235,-3.17737875059247,12.66903966885182,2.5338079337703636,fixed
14.951788300008047,6,0.7974522033333779,-0.01587289984151721,-3.174579968303442,12.657878951907923,2.5315757903815848,fixed
15.23762660002103,7,0.8470125499367714,-0.015143185839056968,-3.028637167811394,12.82646845170605,2.5652936903412105,fixed
15.518835700000636,7,0.8470139545202255,-0.015130850727669894,-3.026170145533979,12.816041710098908,2.563208342019782,fixed
15.822824800008675,7,0.8470084095597267,-0.015121155424974858,-3.024231084994972,12.807745807213387,2.5615491614426777,fixed
16.10524050000822,7,0.8470113778114319,-0.015121537000872196,-3.0243074001744388,12.808113889735306,2.561622777947061,fixed
16.401396300003398,7,0.8470136426091194,-0.015123452693223953,-3.0246905386447906,12.809770754514318,2.5619541509028636,fixed
16.70308340000338,7,0.8470220781564712,-0.015114466089755297,-3.0228932179510593,12.802286477570046,2.560457295514009,fixed
17.003312700020615,7,0.847016923725605,-0.015121466942131519,-3.0242933884263037,12.80813841154267,2.5616276823085338,fixed
17.281455699994694,8,0.8966083708405495,-0.013813549717888236,-2.762709943577647,12.385344308080702,2.4770688616161407,fixed
17.585180399997625,8,0.8966156380176544,-0.013814499787986278,-2.7628999575972557,12.38629654130007,2.4772593082600136,fixed
17.877323199994862,8,0.8966150910258294,-0.013808371133171023,-2.7616742266342045,12.380793940486571,2.4761587880973144,fixed
18.163739099982195,8,0.8966152473092079,-0.01381425837893039,-2.762851675786078,12.38607469281797,2.477214938563594,fixed
18.45477679997566,8,0.8966190762519837,-0.01380577014759183,-2.761154029518366,12.378516876680997,2.4757033753361997,fixed
18.73369929997716,8,0.8966078238487244,-0.01380725753866136,-2.7614515077322723,12.379695135058057,2.4759390270116115,fixed
19.03773509999155,8,0.8966075112819671,-0.013802577349357307,-2.7605154698714616,12.375494526484106,2.475098905296821,fixed
19.32033349998528,9,0.8461773036718369,-0.015121957550756633,-3.0243915101513266,12.795857266539223,2.5591714533078442,fixed
19.610171799984528,9,0.846183555006981,-0.015110712580382824,-3.0221425160765647,12.786436489957048,2.5572872979914094,fixed
19.89758669998264,9,0.8461795697808265,-0.015097995846532285,-3.019599169306457,12.775615629971394,2.555123125994279,fixed
20.18285169999581,9,0.8461794916391373,-0.015087537422776222,-3.0175074845552445,12.766764746491244,2.5533529492982487,fixed
20.463334599975497,9,0.8461806637644768,-0.01507977343723178,-3.0159546874463556,12.760212696534712,2.5520425393069424,fixed
20.773954099975526,9,0.8461808200478553,-0.015066176719032228,-3.0132353438064454,12.748709771096596,2.549741954219319,fixed
21.056231199967442,9,0.8461843364238739,-0.01506781206931919,-3.0135624138638377,12.750146557236498,2.5500293114472994,fixed
21.343015000020387,10,0.7957518864274025,-0.01579522099904716,-3.159044199809432,12.569076906529498,2.5138153813058994,fixed
21.64591040002415,10,0.7957623556852341,-0.015789629700593652,-3.1579259401187305,12.564792925941942,2.5129585851883887,fixed
21.93848660000367,10,0.7957462618350982,-0.01579055635537952,-3.1581112710759043,12.565276192089707,2.5130552384179414,fixed
22.225163000024622,10,0.7957416512966156,-0.015788944382220508,-3.1577888764441018,12.563920674938569,2.512784134987714,fixed
22.52416230001836,10,0.7957506368160248,-0.015792074910365043,-3.1584149820730087,12.566553666569352,2.5133107333138702,fixed
22.82398940002895,10,0.7957583717107772,-0.015793071697466077,-3.1586143394932154,12.567469018287166,2.513493803657433,fixed
23.134653300017817,10,0.7957518864870071,-0.015800843476317824,-3.160168695263565,12.573551004365827,2.5147102008731657,fixed
23.428098500007764,11,0.8452490400671959,-0.015095426023937762,-3.0190852047875523,12.759394356138761,2.551878871227752,fixed
23.720923899993068,11,0.8452563071846962,-0.01510083045810461,-3.020166091620922,12.76407218843969,2.5528144376879376,fixed
24.00842910000938,11,0.8452508372664451,-0.015096469542011619,-3.019293908402324,12.760303520152709,2.552060704030542,fixed
24.295353699999396,11,0.8452569323182106,-0.015086174656637013,-3.0172349313274025,12.751693710685736,2.5503387421371473,fixed
24.601304899988463,11,0.8452522438764573,-0.015086174645461142,-3.0172349290922282,12.751622970588146,2.550324594117629,fixed
24.875349200010533,11,0.845253728568554,-0.01509677323512733,-3.019354647025466,12.760603866345326,2.552120773269065,fixed
25.142311600007815,11,0.8452570104598999,-0.015091532366350293,-3.0183064732700586,12.756223531240067,2.5512447062480135,fixed
25.40461399999913,12,0.8948131662011146,-0.013806977201253175,-2.7613954402506353,12.354664985119957,2.4709329970239917,fixed
25.683869900007267,12,0.89481144708395,-0.013799501339904964,-2.759900267980993,12.347951762997267,2.469590352599454,fixed
25.962290399998892,12,0.8948108218908309,-0.013801596120931209,-2.7603192241862415,12.349817568375759,2.4699635136751517,fixed
26.244441899994854,12,0.894804570555687,-0.013796947101131081,-2.759389420226216,12.345571325807127,2.4691142651614255,fixed
26.500673300004564,12,0.8948082431554795,-0.013807857165113091,-2.761571433022618,12.355384411656646,2.471076882331329,fixed
26.778683400014415,12,0.8948092591166497,-0.013800840748474002,-2.7601681496948003,12.34912008532889,2.469824017065778,fixed
27.059598399995593,12,0.8948008197546006,-0.013807600195519626,-2.7615200391039254,12.355051973794746,2.4710103947589492,fixed
27.328668000001926,12,0.8948129317760467,-0.01379933781735599,-2.759867563471198,12.347825928916386,2.4695651857832774,fixed
27.608790300000692,13,0.844339490711689,-0.015093759534880518,-3.018751906976104,12.744257238605718,2.5488514477211437,fixed
27.858141900011105,13,0.8443330076932907,-0.015106530766002834,-3.021306153200567,12.754942557470404,2.5509885114940807,fixed
28.132443699985743,13,0.8443315234184265,-0.015103735133074224,-3.0207470266148446,12.75255969421697,2.550511938843394,fixed
28.409802100009983,13,0.844334881901741,-0.015102115363813937,-3.0204230727627874,12.751242792172308,2.5502485584344616,fixed
28.679746200010413,13,0.8443362101912498,-0.015113095539622009,-3.0226191079244016,12.760533812182729,2.5521067624365457,fixed
28.947203999996418,13,0.8443366785645485,-0.015112122116610407,-3.0224244233220814,12.759718994000687,2.551943798800137,fixed
29.2107268999971,13,0.8443325380682946,-0.015115416184999049,-3.0230832369998097,12.762437711438825,2.552487542287765,fixed
29.493068699986907,13,0.8443401941657066,-0.015119870537891983,-3.023974107578397,12.766314425724065,2.5532628851448127,fixed
29.78633540001465,14,0.793826101899147,-0.015841766003519296,-3.1683532007038595,12.575607353772153,2.5151214707544307,fixed
30.04866860000766,14,0.7938334472179412,-0.015854537269100546,-3.170907453820109,12.58586197437541,2.517172394875082,fixed
30.313644500012742,14,0.7938376669287681,-0.015840808165259658,-3.1681616330519313,12.575030196175906,2.515006039235181,fixed
30.607217300013872,14,0.793837276160717,-0.01584150902926922,-3.1683018058538437,12.57558037807048,2.5151160756140962,fixed
30.914370300015435,14,0.7938420427441597,-0.015847645435482262,-3.1695290870964525,12.580527225188396,2.5161054450376796,fixed
31.20590600001742,14,0.7938404018282891,-0.015856678781099618,-3.1713357562199236,12.587672255250226,2.5175344510500453,fixed
31.51094850001391,14,0.7938390733599663,-0.015849296381697058,-3.1698592763394116,12.581790753053859,2.5163581506107717,fixed
31.805136200011475,15,0.8433453747034073,-0.015151191268116235,-3.030238253623247,12.777687077212478,2.5555374154424957,fixed
32.09939350001514,15,0.8433486566543579,-0.015143980174325406,-3.0287960348650813,12.77165533641756,2.554331067283512,fixed
32.37518100001034,15,0.8433409206271172,-0.015130531418137253,-3.0261062836274504,12.760196295749392,2.552039259149878,fixed
32.672774300008314,15,0.8433416239023208,-0.015135141534730792,-3.0270283069461583,12.76409483989133,2.552818967978266,fixed
32.96773770000436,15,0.8433414676189422,-0.01514357524458319,-3.028715048916638,12.77120497176467,2.554240994352934,fixed
33.26799120000214,15,0.8433382638096809,-0.015146067184396088,-3.0292134368792176,12.773258002833378,2.5546516005666757,fixed
33.593914900004165,15,0.8433357632756233,-0.015150428109802305,-3.030085621960461,12.776897853932587,2.555379570786517,fixed
33.890446600009454,16,0.8928410475254058,-0.013894623857922853,-2.7789247715845704,12.405690520279336,2.481138104055867,fixed
34.188910000026226,16,0.892842844069004,-0.013897536345757544,-2.779507269151509,12.40831587649852,2.481663175299704,fixed
34.4840058000118,16,0.892847064614296,-0.013903875239193439,-2.780775047838688,12.414034194077253,2.482806838815451,fixed
34.793916100024944,16,0.8928455792665482,-0.013889460844919085,-2.777892168983817,12.40114371378182,2.4802287427563643,fixed
35.09664870001143,16,0.8928422983884812,-0.013894000876694918,-2.7788001753389837,12.405151676559864,2.4810303353119725,fixed
35.389652800018666,16,0.89284378272295,-0.013895457114093006,-2.779091422818601,12.406472492411325,2.481294498482265,fixed
35.6986048000108,16,0.8928572990894318,-0.013900588979944587,-2.780117795988917,12.411242332385644,2.4822484664771287,fixed
35.98713140000473,17,0.8423551630973816,-0.01518881975673139,-3.037763951346278,12.7943807434382,2.5588761486876406,fixed
36.279932300007204,17,0.8423486792445183,-0.015210094816051423,-3.0420189632102845,12.812203279484809,2.562440655896962,fixed
36.574106300016865,17,0.8423516473770142,-0.015220670031383634,-3.044134006276727,12.821156475117954,2.564231295023591,fixed
36.8866445000167,17,0.8423557883501053,-0.015226666286587715,-3.045333257317543,12.826270483782565,2.565254096756513,fixed
37.16331170001649,17,0.8423505541086197,-0.015217913305386901,-3.04358266107738,12.818817705169593,2.5637635410339183,fixed
37.438391200004844,17,0.842351178586483,-0.01522228201944381,-3.044456403888762,12.822507199854321,2.564501439970864,fixed
37.71199860001798,17,0.8423482102751731,-0.015211543281562627,-3.0423086563125255,12.813416258747614,2.562683251749523,fixed
37.96785469999304,18,0.7918387467861175,-0.015920028895139694,-3.184005779027939,12.606095729126194,2.5212191458252393,fixed
38.24128839999321,18,0.7918532029986382,-0.01591507614403963,-3.183015228807926,12.602404020624997,2.5204808041249995,fixed
38.510215999995125,18,0.791843279004097,-0.015915457713417708,-3.1830915426835413,12.602548222643726,2.520509644528745,fixed
38.78462039999431,18,0.7918459358215332,-0.015911470606923103,-3.1822941213846208,12.599433333035842,2.5198866666071686,fixed
39.05465579999145,18,0.7918482800722122,-0.015905809212476016,-3.181161842495203,12.594987668055882,2.518997533611176,fixed
39.310044699988794,18,0.7918417943120003,-0.01590182209946215,-3.18036441989243,12.591727344068328,2.5183454688136657,fixed
39.59606909999275,18,0.791844841837883,-0.015890569346025587,-3.1781138692051174,12.582865370517542,2.5165730741035084,fixed
39.87756910000462,18,0.7918387467861175,-0.015897211973555387,-3.1794423947110775,12.58802840653336,2.517605681306672,fixed
40.15905580003164,19,0.8413216837644577,-0.015212096155621111,-3.042419231124222,12.798266351233988,2.5596532702467973,fixed
40.42768740002066,19,0.8413161357045174,-0.015200376180931926,-3.040075236186385,12.788321749796637,2.5576643499593272,fixed
40.69224100001156,19,0.8413248094320297,-0.01518315058760345,-3.03663011752069,12.773961274693283,2.5547922549386564,fixed
40.97612130001653,19,0.84131472915411,-0.015185844976454973,-3.037168995290995,12.776075053342517,2.555215010668504,fixed
41.260082300024806,19,0.8413210586309433,-0.015183166150003672,-3.036633230000734,12.773917418690594,2.5547834837381185,fixed
41.53883940001833,19,0.8413237935900688,-0.015185564631596208,-3.0371129263192413,12.775976843661697,2.555195368732339,fixed
41.80488600002718,19,0.8413172296881676,-0.015190003426745534,-3.0380006853491066,12.779611601943325,2.5559223203886647,fixed
42.077720100031,19,0.841318636238575,-0.015189497240819036,-3.0378994481638073,12.779207103795468,2.555841420759094,fixed
42.34908600003109,20,0.8908436915278435,-0.013968136481009424,-2.7936272962018847,12.443426266507176,2.488685253301435,fixed
42.626706600014586,20,0.8908393152356148,-0.01396361202094704,-2.7927224041894076,12.439334570956259,2.4878669141912515,fixed
42.88061940003536,20,0.8908282976150512,-0.013963246021419764,-2.792649204283953,12.438854682441505,2.487770936488301,fixed
43.14761830001953,20,0.8908357992172241,-0.013979217877611519,-2.7958435755223037,12.453187730433765,2.4906375460867527,fixed
43.408948200027226,20,0.8908341582417488,-0.013966049485839903,-2.793209897167981,12.441433937680799,2.48828678753616,fixed
43.67141150002135,20,0.8908260315060615,-0.01396715528704226,-2.793431057408452,12.442305515784764,2.488461103156953,fixed
43.92629260002286,20,0.8908310325741768,-0.013960029837675393,-2.7920059675350783,12.436027795062689,2.4872055590125375,fixed
44.17678360003629,20,0.8908325172662735,-0.013958199808374048,-2.7916399616748095,12.43441827179947,2.486883654359894,fixed
44.42481759999646,21,0.8403715459108353,-0.0151787273529917,-3.03574547059834,12.755770570592714,2.5511541141185434,fixed
44.67472290000296,21,0.840360999584198,-0.01518202139530331,-3.036404279060662,12.758378675465769,2.551675735093154,fixed
44.92469690000871,21,0.8403594350814819,-0.01518160087056458,-3.036320174112916,12.758001531220186,2.551600306244037,fixed
45.18737020000117,21,0.840376545727253,-0.01517701413296163,-3.035402826592326,12.754406711511994,2.550881342302399,fixed
45.480478799989214,21,0.8403706094026565,-0.015172458531334997,-3.034491706266999,12.750488222114525,2.550097644422905,fixed
45.76994709999417,21,0.8403657646179199,-0.01516428180783987,-3.032856361567974,12.743543276326964,2.548708655265393,fixed
46.07199749999563,21,0.8403787330389023,-0.015159235613420606,-3.031847122684121,12.739499218644616,2.547899843728923,fixed
46.37899979998474,21,0.8403696714639664,-0.015158924125134945,-3.031784825026989,12.739100086786847,2.5478200173573695,fixed
46.660842999990564,22,0.7898885871767998,-0.015848782419227065,-3.169756483845413,12.51877235359577,2.5037544707191537,fixed
46.94446599998628,22,0.7898897593021392,-0.01583253798261285,-3.16650759652257,12.505959616228042,2.5011919232456084,fixed
47.19996039997204,22,0.7898888216018677,-0.015838580957613885,-3.167716191522777,12.510718048455415,2.5021436096910827,fixed
47.45602849998977,22,0.7898837423920632,-0.015846134738996626,-3.169226947799325,12.516604210087532,2.5033208420175064,fixed
47.70598879997851,22,0.7898872587680816,-0.015838767890818416,-3.167753578163683,12.510840951542468,2.5021681903084936,fixed
47.954303999984404,22,0.7898793664574623,-0.01583728047274053,-3.167456094548106,12.509541066217428,2.5019082132434853,fixed
48.20689269999275,22,0.7898910877108574,-0.015849498846568166,-3.1698997693136333,12.519377883587708,2.5038755767175416,fixed
48.45186579998699,22,0.7898803041577339,-0.01584269270207733,-3.168538540415466,12.513830930194352,2.5027661860388704,fixed
48.705702500010375,23,0.839373086988926,-0.015167692658491433,-3.0335385316982864,12.731353009257225,2.5462706018514445,fixed
48.95283819999895,23,0.8393755874633789,-0.015175207466818393,-3.0350414933636785,12.737698682339344,2.5475397364678685,fixed
49.22292800000287,23,0.8393781661987305,-0.015169966579414905,-3.033993315882981,12.733338728725311,2.5466677457450624,fixed
49.51191669999389,23,0.839382620215416,-0.015159944252111018,-3.0319888504222035,12.724993728656582,2.544998745731316,fixed
49.78775320001296,23,0.8393813700079918,-0.015152515112422407,-3.0305030224844813,12.71873889413192,2.543747778826384,fixed
50.076146200008225,23,0.8393827765583992,-0.015138786000199616,-3.027757200039923,12.707236226570975,2.5414472453141954,fixed
50.36435250000795,23,0.8393803541064262,-0.015141098844818771,-3.028219768963754,12.70914090992438,2.541828181984876,fixed
50.641487300017616,23,0.8393765252232551,-0.015122300177812577,-3.024460035562515,12.693303776635334,2.5386607553270664,fixed
50.9223922000092,24,0.888841957449913,-0.013956393141299487,-2.791278628259897,12.405027798653176,2.481005559730635,fixed
51.20660060000955,24,0.8888395352959633,-0.013955863609910012,-2.791172721982002,12.40452332568626,2.4809046651372517,fixed
51.51212980001583,24,0.8888427391648293,-0.013965854778885841,-2.7931709557771685,12.413448616443112,2.4826897232886225,fixed
51.80908080001245,24,0.888834612429142,-0.01397650789655745,-2.79530157931149,12.422803979349483,2.4845607958698968,fixed
52.11321159999352,24,0.8888395349383355,-0.013970122252590955,-2.794024450518191,12.417196966024635,2.483439393204927,fixed
52.410544200014556,24,0.8888428951501847,-0.01396386900730431,-2.792773801460862,12.411685755950298,2.48233715119006,fixed
52.69181389998994,24,0.8888346123099327,-0.013956657916307449,-2.79133158326149,12.405160628183484,2.481032125636697,fixed
52.95711760001723,25,0.8384062217473984,-0.015157000633887946,-3.0314001267775894,12.707723634480917,2.5415447268961833,fixed
53.242080299998634,25,0.8384051276445389,-0.015160123349167406,-3.0320246698334814,12.710325151665653,2.5420650303331307,fixed
53.542727499996545,25,0.8384031742215157,-0.015156338716857135,-3.0312677433714272,12.707122489789477,2.5414244979578955,fixed
53.82489489999716,25,0.8384113790392875,-0.015127984951250254,-3.025596990250051,12.683474725063315,2.536694945012663,fixed
54.14032169998973,25,0.8384077063798905,-0.015132750820368529,-3.0265501640737056,12.687414906523586,2.537482981304717,fixed
54.43881049999618,25,0.838408018887043,-0.015135258344002069,-3.0270516688004134,12.689521963538361,2.537904392707672,fixed
54.72521430000779,25,0.8384020018577576,-0.015137275232933461,-3.0274550465866925,12.691121857963267,2.5382243715926536,fixed
54.99668809998548,26,0.7879435067772865,-0.015800025793723763,-3.1600051587447524,12.449527731078282,2.489905546215656,fixed
55.295039399992675,26,0.78793530189991,-0.015793422104790806,-3.1586844209581613,12.444194814171055,2.4888389628342114,fixed
55.59662150000804,26,0.787945694744587,-0.01578695080988109,-3.157390161976218,12.439259923790376,2.487851984758075,fixed
55.87941829999909,26,0.7879383494257927,-0.015784124013967813,-3.1568248027935626,12.436916622697817,2.487383324539563,fixed
56.16853279998759,26,0.7879406155347825,-0.015777458004653452,-3.1554916009306906,12.431699971760821,2.4863399943521642,fixed
56.456549099995755,26,0.7879474920034408,-0.015764476524665953,-3.1528953049331903,12.421579740357656,2.484315948071531,fixed
56.76097380000283,26,0.7879406155347825,-0.01575249959062785,-3.1504999181255697,12.412034223650714,2.4824068447301433,fixed
57.0345524000295,27,0.8375059009790421,-0.015110455642454326,-3.022091128490865,12.65509576703756,2.531019153407512,fixed
57.31335230002878,27,0.8375071518421173,-0.015103104359470309,-3.0206208718940615,12.648957916074243,2.5297915832148488,fixed
57.6250603000226,27,0.83749254322052,-0.015096695357933641,-3.019339071586728,12.643369789541264,2.5286739579082527,fixed
57.9257352000277,27,0.8375049640536308,-0.015080046005547047,-3.0160092011094095,12.62961338780278,2.5259226775605557,fixed
58.21665590003249,27,0.8374995747208596,-0.015085201238282026,-3.017040247656405,12.633849621639781,2.5267699243279558,fixed
58.491508600040106,27,0.8375081675052642,-0.015073473474010826,-3.014694694802165,12.624157147158016,2.524831429431603,fixed
58.79307660003542,27,0.8375062131285668,-0.01506628574244678,-3.013257148489356,12.61810791806952,2.523621583613904,fixed
59.076112700015074,28,0.8870381007790565,-0.013910782613791525,-2.782156522758305,12.339394190087955,2.467878838017591,fixed
59.35481480002636,28,0.8870283339619637,-0.013915073447860778,-2.7830146895721555,12.343064417414304,2.4686128834828605,fixed
59.65049720002571,28,0.887030990600586,-0.013903984260745347,-2.780796852149069,12.333264932103901,2.46665298642078,fixed
59.94002070001443,28,0.887030599296093,-0.01391075926180929,-2.782151852361858,12.33926912466637,2.467853824933274,fixed
60.240994200023124,28,0.8870343510508537,-0.01389639159478247,-2.7792783189564942,12.326576700226408,2.4653153400452816,fixed
60.534337400022196,28,0.887036537528038,-0.01389718591235578,-2.779437182471156,12.3273116730795,2.4654623346159,fixed
60.82990680003422,28,0.8870353661179543,-0.013889811276458204,-2.7779622552916408,12.320753830922394,2.4641507661844786,fixed
