time(s),loop,direction,voltage(V),j_current(mA/cm²),power_density(mW/cm²),scan_rate(V/s)
1.1534617000143044,0,rev,6.0,0.07221572,0.43329432,10
1.8748175000073388,0,rev,5.95,0.061867479999999996,0.368111506,10
2.7132090000086464,0,rev,5.9,0.0520522,0.30710798,10
2.8063336000195704,0,rev,5.85,0.041434000000000006,0.24238890000000002,10
3.388614299998153,0,rev,5.8,0.033464712,0.1940953296,10
3.585204800008796,0,rev,5.75,0.02360756,0.13574347,10
3.8088305999990553,0,rev,5.7,0.015423592,0.0879144744,10
3.900875299994368,0,rev,5.65,0.007156448000000001,0.04043393120000001,10
5.19725169998128,0,rev,5.6,-0.0007478923999999999,-0.004188197439999999,10
5.922037400014233,0,rev,5.55,-0.009042572,-0.050186274600000004,10
6.048322800023016,0,rev,5.5,-0.0173382,-0.0953601,10
6.1380334999994375,0,rev,5.45,-0.02597498,-0.14156364100000002,10
6.324980299978051,0,rev,5.4,-0.032260244,-0.17420531760000002,10
6.481385799997952,0,rev,5.35,-0.04056692,-0.217033022,10
6.878445099981036,0,rev,5.3,-0.05411948,-0.286833244,10
6.967946899996605,0,rev,5.25,-0.05549048,-0.29132502,10
7.05748489999678,0,rev,5.2,-0.062159839999999994,-0.32323116799999996,10
7.1470284999813884,0,rev,5.15,-0.06934124,-0.357107386,10
7.236690399993677,0,rev,5.1,-0.0752284,-0.38366483999999995,10
7.326074299984612,0,rev,5.05,-0.08181668,-0.413174234,10
7.415695899981074,0,rev,5.0,-0.08808211999999999,-0.44041059999999993,10
7.505013099987991,0,rev,4.95,-0.09337912000000001,-0.4622266440000001,10
7.594594899972435,0,rev,4.9,-0.09947192,-0.4874124080000001,10
7.684150899993256,0,rev,4.85,-0.10468511999999999,-0.5077228319999999,10
7.77374500001315,0,rev,4.8,-0.10971791999999998,-0.5266460159999999,10
7.863325999991503,0,rev,4.75,-0.11508132000000001,-0.54663627,10
7.952895099995658,0,rev,4.7,-0.11936211999999999,-0.561001964,10
8.042474500020035,0,rev,4.65,-0.12402648000000001,-0.5767231320000001,10
8.131781800009776,0,rev,4.6,-0.12852264,-0.5912041439999999,10
8.221381600014865,0,rev,4.55,-0.1321644,-0.6013480199999999,10
8.31100729998434,0,rev,4.5,-0.13644256,-0.6139915199999999,10
8.40062410000246,0,rev,4.45,-0.14003639999999998,-0.6231619799999999,10
8.490207599999849,0,rev,4.4,-0.14326603999999998,-0.630370576,10
8.579817400022876,0,rev,4.35,-0.14709948,-0.639882738,10
8.669461500016041,0,rev,4.3,-0.14986328000000002,-0.644412104,10
8.759140399983153,0,rev,4.25,-0.15299271999999997,-0.6502190599999998,10
8.84890689997701,0,rev,4.2,-0.15605871999999998,-0.655446624,10
8.941164799965918,0,rev,4.15,-0.15833204,-0.6570779660000001,10
9.030601800011937,0,rev,4.1,-0.16131308,-0.661383628,10
9.120381199987605,0,rev,4.05,-0.16361172,-0.6626274659999999,10
9.210336899966933,0,rev,4.0,-0.16570611999999996,-0.6628244799999998,10
9.300005299970508,0,rev,3.9499999999999997,-0.16849208000000002,-0.6655437160000001,10
9.389671200013254,0,rev,3.9,-0.17021144,-0.663824616,10
9.479516999970656,0,rev,3.85,-0.1722756,-0.6632610600000001,10
9.568975400005002,0,rev,3.8,-0.17454904,-0.663286352,10
9.658850300009362,0,rev,3.75,-0.17594539999999997,-0.6597952499999999,10
9.748782599985134,0,rev,3.6999999999999997,-0.17799384,-0.6585772079999999,10
9.838269700005185,0,rev,3.65,-0.17963351999999996,-0.6556623479999999,10
9.928185899974778,0,rev,3.5999999999999996,-0.1808334,-0.65100024,10
10.017996200011112,0,rev,3.55,-0.18273827999999998,-0.6487208939999999,10
10.107879999966826,0,rev,3.5,-0.18363552,-0.64272432,10
10.19788089999929,0,rev,3.4499999999999997,-0.18500732,-0.638275254,10
10.28756379999686,0,rev,3.4,-0.18647360000000002,-0.6340102400000001,10
10.377201900002547,0,rev,3.3499999999999996,-0.1870656,-0.62666976,10
10.467191500007175,0,rev,3.3,-0.18843852000000003,-0.6218471160000001,10
10.557061299972702,0,rev,3.25,-0.18940200000000001,-0.6155565000000001,10
10.646621200023219,0,rev,3.1999999999999997,-0.18992544,-0.607761408,10
10.736439900007099,0,rev,3.15,-0.19110168000000002,-0.6019702920000001,10
10.826482000004034,0,rev,3.0999999999999996,-0.19162619999999997,-0.5940412199999998,10
10.916297200019471,0,rev,3.05,-0.19231792000000003,-0.5865696560000001,10
11.006099299993366,0,rev,3.0,-0.1931524,-0.5794572,10
11.095620699983556,0,rev,2.9499999999999997,-0.19335704,-0.570403268,10
11.185330200009048,0,rev,2.9,-0.19432023999999998,-0.5635286959999999,10
11.27533490001224,0,rev,2.8499999999999996,-0.19488884000000004,-0.555433194,10
11.365342999983113,0,rev,2.8,-0.19503856,-0.5461079679999999,10
11.455001199967228,0,rev,2.75,-0.19596223999999998,-0.53889616,10
11.545128699974157,0,rev,2.6999999999999997,-0.196284,-0.5299668,10
11.634945199999493,0,rev,2.65,-0.19660708,-0.5210087619999999,10
11.724622900015675,0,rev,2.5999999999999996,-0.19739875999999998,-0.5132367759999998,10
11.814513300021645,0,rev,2.55,-0.19756632,-0.5037941159999999,10
11.904192599991802,0,rev,2.5,-0.19816408,-0.49541019999999997,10
11.993622099980712,0,rev,2.4499999999999997,-0.19854908000000002,-0.486445246,10
12.08442600001581,0,rev,2.4,-0.19875416,-0.477009984,10
12.174049599969294,0,rev,2.3499999999999996,-0.19958147999999998,-0.4690164779999999,10
12.263726499979384,0,rev,2.3,-0.19967599999999996,-0.4592547999999999,10
12.353625999996439,0,rev,2.25,-0.2000984,-0.4502214,10
12.444314299966209,0,rev,2.1999999999999997,-0.20085183999999998,-0.4418740479999999,10
12.534020399965812,0,rev,2.15,-0.20100524,-0.432161266,10
12.62389579997398,0,rev,2.0999999999999996,-0.2015154,-0.42318233999999993,10
12.713582099997438,0,rev,2.05,-0.2022676,-0.41464857999999993,10
12.803038300015032,0,rev,2.0,-0.20337704,-0.40675408,10
12.893012500018813,0,rev,1.9500000000000002,-0.20763492000000003,-0.4048880940000001,10
12.982862700009719,0,rev,1.8999999999999995,-0.20832692000000003,-0.39582114799999996,10
13.072453500004485,0,rev,1.8499999999999996,-0.20867316,-0.3860453459999999,10
13.162265199993271,0,rev,1.7999999999999998,-0.20954799999999998,-0.3771863999999999,10
13.252791700011585,0,rev,1.75,-0.20989728,-0.36732023999999996,10
13.342606300022453,0,rev,1.7000000000000002,-0.2107762,-0.35831954000000005,10
13.432460899988655,0,rev,1.6499999999999995,-0.21163708,-0.3492011819999999,10
13.522443299996667,0,rev,1.5999999999999996,-0.21206436,-0.3393029759999999,10
13.612104300002102,0,rev,1.5499999999999998,-0.2128438,-0.32990789,10
13.70208720001392,0,rev,1.5,-0.2132846,-0.3199269,10
13.791886000020895,0,rev,1.4500000000000002,-0.21351003999999998,-0.30958955800000004,10
13.88146579999011,0,rev,1.3999999999999995,-0.21410680000000004,-0.29974951999999994,10
13.971079199982341,0,rev,1.3499999999999996,-0.21448924000000003,-0.28956047399999996,10
14.060847999993712,0,rev,1.2999999999999998,-0.2147988,-0.27923844,10
14.150444499973673,0,rev,1.25,-0.21550188000000003,-0.26937735000000007,10
14.2402454999974,0,rev,1.1999999999999993,-0.21545915999999998,-0.2585509919999998,10
14.329834399977699,0,rev,1.1499999999999995,-0.21606767999999998,-0.24847783199999987,10
14.419364599976689,0,rev,1.0999999999999996,-0.21642096,-0.2380630559999999,10
14.509150500001851,0,rev,1.0499999999999998,-0.21649892,-0.22732386599999999,10
14.598966499965172,0,rev,1.0,-0.21718232,-0.21718232,10
14.688601100002415,0,rev,0.9499999999999993,-0.21729275999999997,-0.20642812199999983,10
14.778390999999829,0,rev,0.8999999999999995,-0.21739808,-0.19565827199999988,10
14.867914800008293,0,rev,0.8499999999999996,-0.21784404,-0.1851674339999999,10
14.957732299983036,0,rev,0.7999999999999998,-0.21784988000000002,-0.17427990399999999,10
15.047631299996283,0,rev,0.75,-0.2182622,-0.16369665,10
15.13745649997145,0,rev,0.6999999999999993,-0.21846516000000002,-0.15292561199999985,10
15.228423199965619,0,rev,0.6499999999999995,-0.21863856,-0.1421150639999999,10
15.318216199986637,0,rev,0.5999999999999996,-0.21896059999999998,-0.13137635999999991,10
15.408069500001147,0,rev,0.5499999999999998,-0.21895664,-0.12042615199999997,10
15.497509500011802,0,rev,0.5,-0.21944207999999998,-0.10972103999999999,10
15.587504600000102,0,rev,0.4499999999999993,-0.21969059999999999,-0.09886076999999983,10
15.67751180002233,0,rev,0.39999999999999947,-0.21942968000000002,-0.08777187199999989,10
15.766875999979675,0,rev,0.34999999999999964,-0.22005488,-0.07701920799999992,10
15.85668899997836,0,rev,0.2999999999999998,-0.22019936,-0.06605980799999997,10
15.946552000008523,0,rev,0.25,-0.22043480000000001,-0.055108700000000004,10
16.03624350001337,0,rev,0.1999999999999993,-0.22090176,-0.044180351999999846,10
16.12625819997629,0,rev,0.14999999999999947,-0.22114592,-0.03317188799999988,10
16.215721599990502,0,rev,0.09999999999999964,-0.22118584,-0.02211858399999992,10
16.305602799984626,0,rev,0.04999999999999982,-0.2216662,-0.01108330999999996,10
16.39566899999045,0,rev,0.0,-0.22144844,-0.0,10
16.48447289998876,0,fwd,0.0,-0.22181564,-0.0,10
16.574040499981493,0,fwd,0.05,-0.22125192,-0.011062596000000001,10
16.663902000000235,0,fwd,0.1,-0.22090392,-0.022090392,10
16.753638499998488,0,fwd,0.15000000000000002,-0.22086812000000003,-0.03313021800000001,10
16.84308829996735,0,fwd,0.2,-0.2206544,-0.044130880000000004,10
16.932955299969763,0,fwd,0.25,-0.22026036,-0.05506509,10
17.022437300009187,0,fwd,0.30000000000000004,-0.22005808000000002,-0.06601742400000002,10
17.111985399969853,0,fwd,0.35000000000000003,-0.21967796,-0.07688728600000001,10
17.201621100015473,0,fwd,0.4,-0.21939328,-0.087757312,10
17.291273600014392,0,fwd,0.45,-0.21907836,-0.098585262,10
17.380944599979557,0,fwd,0.5,-0.21877744,-0.10938872,10
17.472813499975018,0,fwd,0.55,-0.21866987999999998,-0.120268434,10
17.562717799970414,0,fwd,0.6000000000000001,-0.21841168,-0.13104700800000002,10
17.652342099987436,0,fwd,0.65,-0.21800992,-0.141706448,10
17.742253099975642,0,fwd,0.7000000000000001,-0.21766716,-0.15236701200000002,10
17.831951199972536,0,fwd,0.75,-0.21762279999999998,-0.16321709999999998,10
17.921560299990233,0,fwd,0.8,-0.21753464,-0.174027712,10
18.011447899974883,0,fwd,0.8500000000000001,-0.21664124,-0.18414505400000003,10
18.101193799986504,0,fwd,0.9,-0.21633288,-0.194699592,10
18.19083719997434,0,fwd,0.9500000000000001,-0.21655088,-0.205723336,10
18.280561699997634,0,fwd,1.0,-0.21624027999999998,-0.21624027999999998,10
18.370559800008778,0,fwd,1.05,-0.21664883999999998,-0.22748128199999998,10
18.460105200007092,0,fwd,1.1,-0.21630436,-0.23793479600000003,10
18.54993869998725,0,fwd,1.1500000000000001,-0.21582520000000002,-0.24819898000000004,10
18.640017699974123,0,fwd,1.2000000000000002,-0.215515,-0.25861800000000007,10
18.729762799979653,0,fwd,1.25,-0.21523783999999999,-0.2690473,10
18.819783599989023,0,fwd,1.3,-0.21468824,-0.279094712,10
18.909736800007522,0,fwd,1.35,-0.21476039999999996,-0.28992653999999995,10
18.99920189997647,0,fwd,1.4000000000000001,-0.21432611999999998,-0.300056568,10
19.08926809998229,0,fwd,1.4500000000000002,-0.21391448000000002,-0.31017599600000006,10
19.17898259998765,0,fwd,1.5,-0.21345103999999998,-0.32017655999999994,10
19.268453900003806,0,fwd,1.55,-0.21290468,-0.33000225400000005,10
19.35791550000431,0,fwd,1.6,-0.21264136,-0.34022617600000005,10
19.44757409999147,0,fwd,1.6500000000000001,-0.21221172,-0.35014933800000003,10
19.537245200015604,0,fwd,1.7000000000000002,-0.21167671999999998,-0.359850424,10
19.627278100000694,0,fwd,1.75,-0.21122623999999998,-0.36964591999999996,10
19.717079899972305,0,fwd,1.8,-0.2105572,-0.37900296,10
19.806839899974875,0,fwd,1.85,-0.210148,-0.3887738,10
19.896766300022136,0,fwd,1.9000000000000001,-0.20964088,-0.398317672,10
19.986675599997398,0,fwd,1.9500000000000002,-0.2088944,-0.40734408000000005,10
20.07611620001262,0,fwd,2.0,-0.20836879999999997,-0.41673759999999993,10
20.16607330000261,0,fwd,2.0500000000000003,-0.20779048000000003,-0.4259704840000001,10
20.255895000009332,0,fwd,2.1,-0.20702332,-0.43474897200000007,10
20.345462600002065,0,fwd,2.15,-0.20628756000000004,-0.44351825400000006,10
20.435660799965262,0,fwd,2.2,-0.20540664,-0.45189460800000003,10
20.525371099996846,0,fwd,2.25,-0.20456544000000002,-0.46027224000000005,10
20.614827100012917,0,fwd,2.3000000000000003,-0.2038812,-0.4689267600000001,10
20.704756399965845,0,fwd,2.35,-0.20286832,-0.476740552,10
20.794623899972066,0,fwd,2.4000000000000004,-0.20200907999999998,-0.48482179200000003,10
20.885146300017368,0,fwd,2.45,-0.20120952000000003,-0.4929633240000001,10
20.97515419998672,0,fwd,2.5,-0.20009556,-0.5002389,10
21.06461419997504,0,fwd,2.5500000000000003,-0.19924271999999998,-0.508068936,10
21.15420519997133,0,fwd,2.6,-0.19819392,-0.515304192,10
21.24391469999682,0,fwd,2.6500000000000004,-0.19710260000000002,-0.5223218900000001,10
21.33344610000495,0,fwd,2.7,-0.1961664,-0.52964928,10
21.423108700022567,0,fwd,2.75,-0.19504084000000002,-0.53636231,10
21.512974700017367,0,fwd,2.8000000000000003,-0.19405544,-0.543355232,10
21.602926799969282,0,fwd,2.85,-0.19299767999999998,-0.550043388,10
21.692583600000944,0,fwd,2.9000000000000004,-0.19181463999999998,-0.556262456,10
21.78247709997231,0,fwd,2.95,-0.19080107999999998,-0.562863186,10
21.87224439997226,0,fwd,3.0,-0.18939536,-0.56818608,10
21.962176500004716,0,fwd,3.0500000000000003,-0.18820399999999998,-0.5740222,10
22.05214529996738,0,fwd,3.1,-0.1871154,-0.58005774,10
22.14206280000508,0,fwd,3.1500000000000004,-0.1857526,-0.58512069,10
22.23177690000739,0,fwd,3.2,-0.18464815999999998,-0.590874112,10
22.32176179997623,0,fwd,3.25,-0.18358296,-0.59664462,10
22.411567999981344,0,fwd,3.3000000000000003,-0.18234360000000002,-0.6017338800000002,10
22.50097829999868,0,fwd,3.35,-0.18107524000000003,-0.6066020540000001,10
22.590834099974018,0,fwd,3.4000000000000004,-0.18004148,-0.612141032,10
22.68054889998166,0,fwd,3.45,-0.17904452000000004,-0.6177035940000002,10
22.77035100001376,0,fwd,3.5,-0.17753632,-0.62137712,10
22.860136699979194,0,fwd,3.5500000000000003,-0.175961,-0.6246615500000001,10
22.949984600010794,0,fwd,3.6,-0.17471207999999996,-0.6289634879999999,10
23.03958290000446,0,fwd,3.6500000000000004,-0.17320248,-0.6321890520000001,10
23.129664200008847,0,fwd,3.7,-0.17103328,-0.6328231360000001,10
23.219543699990027,0,fwd,3.75,-0.1693918,-0.63521925,10
23.309163499972783,0,fwd,3.8000000000000003,-0.16779708,-0.637628904,10
23.39897119998932,0,fwd,3.85,-0.16617808,-0.6397856080000001,10
23.488960099988617,0,fwd,3.9000000000000004,-0.16455567999999998,-0.641767152,10
23.57844169996679,0,fwd,3.95,-0.16263788,-0.6424196260000001,10
23.668427399999928,0,fwd,4.0,-0.16043108,-0.64172432,10
23.758190100023057,0,fwd,4.05,-0.1584822,-0.6418529099999999,10
23.84790220001014,0,fwd,4.1000000000000005,-0.15579244,-0.6387490040000001,10
23.93777899997076,0,fwd,4.15,-0.15320983999999999,-0.635820836,10
24.02727079996839,0,fwd,4.2,-0.150287,-0.6312054,10
24.11697530001402,0,fwd,4.25,-0.1472602,-0.62585585,10
24.206872900016606,0,fwd,4.3,-0.14413511999999998,-0.6197810159999999,10
24.296649099967908,0,fwd,4.3500000000000005,-0.14079856,-0.612473736,10
24.386169700010214,0,fwd,4.4,-0.13726872,-0.603982368,10
24.476013400009833,0,fwd,4.45,-0.1337112,-0.59501484,10
24.56580280000344,0,fwd,4.5,-0.12985528000000002,-0.5843487600000001,10
24.65544519998366,0,fwd,4.55,-0.1257964,-0.57237362,10
24.745366499992087,0,fwd,4.6000000000000005,-0.12147444,-0.5587824240000001,10
24.8352334999945,0,fwd,4.65,-0.11699131999999998,-0.5440096379999999,10
24.924989499966614,0,fwd,4.7,-0.11223372000000001,-0.5274984840000001,10
25.014884300006088,0,fwd,4.75,-0.10722916000000002,-0.5093385100000001,10
25.10443489998579,0,fwd,4.800000000000001,-0.10196588000000001,-0.48943622400000014,10
25.19397789996583,0,fwd,4.8500000000000005,-0.09654312,-0.468234132,10
25.283968099975027,0,fwd,4.9,-0.09090015999999998,-0.44541078399999995,10
25.3737175000133,0,fwd,4.95,-0.08510308,-0.421260246,10
25.463194800016936,0,fwd,5.0,-0.07893992000000001,-0.39469960000000004,10
25.55312719999347,0,fwd,5.050000000000001,-0.07265768,-0.36692128400000007,10
25.642827000003308,0,fwd,5.1000000000000005,-0.06625088000000001,-0.3378794880000001,10
25.732335500011686,0,fwd,5.15,-0.05966836,-0.307292054,10
25.82287729997188,0,fwd,5.2,-0.052805279999999996,-0.274587456,10
25.912486199988052,0,fwd,5.25,-0.04574324,-0.24015201,10
26.46401669998886,0,fwd,5.300000000000001,-0.048029279999999994,-0.254555184,10
26.708051999972668,0,fwd,5.3500000000000005,-0.039488048,-0.2112610568,10
26.797878900018986,0,fwd,5.4,-0.025392728,-0.1371207312,10
26.887619799992535,0,fwd,5.45,-0.01739032,-0.09477724400000001,10
26.977321200014558,0,fwd,5.5,-0.009391271999999999,-0.05165199599999999,10
27.53296749998117,0,fwd,5.550000000000001,-0.00549952,-0.030522336000000004,10
27.622972299985122,0,fwd,5.6000000000000005,0.004850544,0.0271630464,10
27.71271200000774,0,fwd,5.65,0.013331924000000002,0.07532537060000001,10
27.80219479999505,0,fwd,5.7,0.021934752,0.1250280864,10
27.891958199965302,0,fwd,5.75,0.030625639999999996,0.17609742999999997,10
27.98183710000012,0,fwd,5.800000000000001,0.039087571999999994,0.2267079176,10
28.379375100019388,0,fwd,5.8500000000000005,0.04617248,0.27010900800000004,10
28.468929499969818,0,fwd,5.9,0.05659499999999999,0.3339105,10
28.558478699997067,0,fwd,5.95,0.06588928,0.39204121599999997,10
28.648317500017583,0,fwd,6.0,0.0754194,0.4525164,10
28.737462699995376,0,rev,6.0,0.07420140000000001,0.44520840000000006,1
28.871779699984472,0,rev,5.95,0.06306204,0.375219138,1
29.006365599983837,0,rev,5.9,0.0534042,0.31508478,1
29.140684799989685,0,rev,5.85,0.04417568,0.25842772799999997,1
29.429216100019403,0,rev,5.8,0.036287044000000004,0.21046485520000002,1
29.56341230001999,0,rev,5.75,0.026103432,0.150094734,1
29.697566799994092,0,rev,5.7,0.017215203999999998,0.09812666279999999,1
29.83201640000334,0,rev,5.65,0.0086392,0.048811480000000004,1
30.444458200014196,0,rev,5.6,0.0018363576,0.010283602559999999,1
30.886828100017738,0,rev,5.55,-0.007413788,-0.0411465234,1
31.021322900021914,0,rev,5.5,-0.016223364,-0.089228502,1
31.155784300004598,0,rev,5.45,-0.024233027999999997,-0.13207000259999999,1
31.290315599995665,0,rev,5.4,-0.031946992,-0.1725137568,1
31.424767200020142,0,rev,5.35,-0.039313744,-0.21032853039999996,1
31.867187900003046,0,rev,5.3,-0.05234704,-0.277439312,1
32.001834199996665,0,rev,5.25,-0.05411768,-0.28411782,1
32.13627630000701,0,rev,5.2,-0.06112512,-0.317850624,1
32.27075700002024,0,rev,5.15,-0.06799364,-0.350167246,1
32.40521519997856,0,rev,5.1,-0.07451192,-0.38001079199999993,1
32.53946140001062,0,rev,5.05,-0.08091684,-0.408630042,1
32.67393049999373,0,rev,5.0,-0.08717807999999999,-0.43589039999999996,1
32.80842750001466,0,rev,4.95,-0.09306608,-0.460677096,1
32.94293339998694,0,rev,4.9,-0.09871264,-0.48369193600000004,1
33.077495499979705,0,rev,4.85,-0.10428216000000001,-0.5057684760000001,1
33.21193420002237,0,rev,4.8,-0.1095206,-0.52569888,1
33.34638110001106,0,rev,4.75,-0.11459659999999999,-0.54433385,1
33.48082230001455,0,rev,4.7,-0.11944624,-0.561397328,1
33.61541109997779,0,rev,4.65,-0.12409224,-0.5770289160000001,1
33.74989769997774,0,rev,4.6,-0.1284552,-0.59089392,1
33.88438699999824,0,rev,4.55,-0.13252644,-0.602995302,1
34.01872940000612,0,rev,4.5,-0.13638904,-0.61375068,1
34.15323649998754,0,rev,4.45,-0.14009772,-0.6234348540000001,1
34.287665600015316,0,rev,4.4,-0.14356488,-0.631685472,1
34.42228860000614,0,rev,4.35,-0.14695012,-0.6392330219999999,1
34.556514199997764,0,rev,4.3,-0.1501198,-0.64551514,1
34.69096959999297,0,rev,4.25,-0.15310752,-0.65070696,1
34.82540440000594,0,rev,4.2,-0.15590296,-0.654792432,1
34.96011559996987,0,rev,4.15,-0.15861856000000002,-0.6582670240000001,1
35.09456409997074,0,rev,4.1,-0.16124012000000001,-0.661084492,1
35.229221099987626,0,rev,4.05,-0.16364608,-0.662766624,1
35.363527500012424,0,rev,4.0,-0.1659062,-0.6636248,1
35.49790620000567,0,rev,3.9499999999999997,-0.16789215999999998,-0.6631740319999999,1
35.63214840000728,0,rev,3.9,-0.14499932,-0.565497348,1
35.766608399979305,0,rev,3.85,-0.17215899999999998,-0.6628121499999999,1
35.9009667999926,0,rev,3.8,-0.17407704,-0.6614927519999999,1
36.035328899975866,0,rev,3.75,-0.17586684000000002,-0.6595006500000001,1
36.169775899965316,0,rev,3.6999999999999997,-0.17759792000000002,-0.657112304,1
36.3043702999712,0,rev,3.65,-0.17912088,-0.653791212,1
36.43886880000355,0,rev,3.5999999999999996,-0.18058812,-0.6501172319999999,1
36.57321940001566,0,rev,3.55,-0.18195696000000003,-0.645947208,1
36.70751219999511,0,rev,3.5,-0.18328236,-0.64148826,1
36.84228390001226,0,rev,3.4499999999999997,-0.18438296,-0.636121212,1
36.976778400014155,0,rev,3.4,-0.18545312000000003,-0.6305406080000001,1
37.11133529996732,0,rev,3.3499999999999996,-0.18643363999999998,-0.6245526939999999,1
37.24557620001724,0,rev,3.3,-0.18729427999999998,-0.6180711239999999,1
37.38010419998318,0,rev,3.25,-0.18827839999999998,-0.6119047999999999,1
37.514375899976585,0,rev,3.1999999999999997,-0.18908928,-0.605085696,1
37.648923599976115,0,rev,3.15,-0.18984988000000003,-0.5980271220000001,1
37.78322219999973,0,rev,3.0999999999999996,-0.19061408,-0.590903648,1
37.917856300016865,0,rev,3.05,-0.19135672,-0.583637996,1
38.05228609999176,0,rev,3.0,-0.19195447999999998,-0.57586344,1
38.18688449996989,0,rev,2.9499999999999997,-0.19257744,-0.5681034479999999,1
38.321328999998514,0,rev,2.9,-0.19317155999999996,-0.5601975239999999,1
38.45574689999921,0,rev,2.8499999999999996,-0.19372844,-0.5521260539999999,1
38.5900157999713,0,rev,2.8,-0.19428463999999998,-0.543996992,1
38.724545900011435,0,rev,2.75,-0.19487023999999997,-0.5358931599999999,1
38.858819200017024,0,rev,2.6999999999999997,-0.19547648000000004,-0.527786496,1
38.993496100010816,0,rev,2.65,-0.19608136,-0.5196156040000001,1
39.1279443000094,0,rev,2.5999999999999996,-0.19657764,-0.5111018639999999,1
39.26259060000302,0,rev,2.55,-0.19718448,-0.5028204239999999,1
39.3970096000121,0,rev,2.5,-0.19768939999999996,-0.4942234999999999,1
39.53145239996957,0,rev,2.4499999999999997,-0.19826732,-0.4857549339999999,1
39.665790700004436,0,rev,2.4,-0.19872115999999998,-0.47693078399999994,1
39.800142699969,0,rev,2.3499999999999996,-0.19939884000000002,-0.468587274,1
39.934400799975265,0,rev,2.3,-0.19990284,-0.45977653199999996,1
40.06903209997108,0,rev,2.25,-0.20054368,-0.45122328,1
40.20323440001812,0,rev,2.1999999999999997,-0.20102920000000002,-0.44226424,1
40.33775379997678,0,rev,2.15,-0.20164672000000003,-0.433540448,1
40.47203890001401,0,rev,2.0999999999999996,-0.20235612,-0.4249478519999999,1
40.60654489998706,0,rev,2.05,-0.20299012000000002,-0.416129746,1
40.74096089997329,0,rev,2.0,-0.20397884000000002,-0.40795768000000004,1
40.875249599979725,0,rev,1.9500000000000002,-0.20571096,-0.401136372,1
41.00952419999521,0,rev,1.8999999999999995,-0.20718644,-0.3936542359999999,1
41.14381500001764,0,rev,1.8499999999999996,-0.20822464,-0.3852155839999999,1
41.27879319997737,0,rev,1.7999999999999998,-0.20909303999999998,-0.3763674719999999,1
41.413442499993835,0,rev,1.75,-0.21005932000000002,-0.36760381000000003,1
41.547862300009,0,rev,1.7000000000000002,-0.21085884,-0.35846002800000004,1
41.682367699977476,0,rev,1.6499999999999995,-0.21135824,-0.3487410959999999,1
41.81679209996946,0,rev,1.5999999999999996,-0.21182051999999998,-0.3389128319999999,1
41.95115649997024,0,rev,1.5499999999999998,-0.21242524,-0.32925912199999996,1
42.08581839996623,0,rev,1.5,-0.21256148,-0.31884222,1
42.22042029997101,0,rev,1.4500000000000002,-0.21330764,-0.30929607800000003,1
42.35466110002017,0,rev,1.3999999999999995,-0.21394444,-0.2995222159999999,1
42.48931969999103,0,rev,1.3499999999999996,-0.21337524,-0.2880565739999999,1
42.623734100023285,0,rev,1.2999999999999998,-0.21453324,-0.27889321199999995,1
42.75821100000758,0,rev,1.25,-0.21493320000000002,-0.26866650000000003,1
42.89288529998157,0,rev,1.1999999999999993,-0.21524888,-0.25829865599999985,1
43.02741199999582,0,rev,1.1499999999999995,-0.21541688,-0.2477294119999999,1
43.16175149998162,0,rev,1.0999999999999996,-0.2158636,-0.2374499599999999,1
43.296196900017094,0,rev,1.0499999999999998,-0.21603364,-0.22683532199999995,1
43.43068059999496,0,rev,1.0,-0.21670192,-0.21670192,1
43.565201100020204,0,rev,0.9499999999999993,-0.21629816,-0.20548325199999984,1
43.69965849997243,0,rev,0.8999999999999995,-0.21718815999999996,-0.19546934399999985,1
43.834203400008846,0,rev,0.8499999999999996,-0.21724436,-0.18465770599999992,1
43.96867319999728,0,rev,0.7999999999999998,-0.21757163999999998,-0.17405731199999994,1
44.10318410000764,0,rev,0.75,-0.2179534,-0.16346505,1
44.23764279996976,0,rev,0.6999999999999993,-0.2181062,-0.15267433999999985,1
44.372197500022594,0,rev,0.6499999999999995,-0.21806088,-0.1417395719999999,1
44.5064542000182,0,rev,0.5999999999999996,-0.21842836000000002,-0.13105701599999994,1
44.64097030000994,0,rev,0.5499999999999998,-0.2188464,-0.12036551999999996,1
44.77542049996555,0,rev,0.5,-0.21903628,-0.10951814,1
44.90994009998394,0,rev,0.4499999999999993,-0.2191094,-0.09859922999999984,1
45.044402599975,0,rev,0.39999999999999947,-0.21929912,-0.08771964799999987,1
45.17891509999754,0,rev,0.34999999999999964,-0.21921448,-0.07672506799999992,1
45.31318180001108,0,rev,0.2999999999999998,-0.21991756,-0.06597526799999996,1
45.447598099999595,0,rev,0.25,-0.22052712,-0.05513178,1
45.58196420001332,0,rev,0.1999999999999993,-0.22084164,-0.04416832799999985,1
45.71651009999914,0,rev,0.14999999999999947,-0.22101932000000002,-0.03315289799999988,1
45.85095300001558,0,rev,0.09999999999999964,-0.22136644,-0.02213664399999992,1
45.98541829996975,0,rev,0.04999999999999982,-0.22152444,-0.01107622199999996,1
46.11974910000572,0,rev,0.0,-0.22185912,-0.0,1
46.25305980001576,0,fwd,0.0,-0.22187967999999997,-0.0,1
46.387327899981756,0,fwd,0.05,-0.22145267999999999,-0.011072634,1
46.52182750002248,0,fwd,0.1,-0.2211128,-0.02211128,1
46.656006500008516,0,fwd,0.15000000000000002,-0.22069128,-0.033103692000000004,1
46.79023699997924,0,fwd,0.2,-0.21994831999999997,-0.043989664,1
46.924715199973434,0,fwd,0.25,-0.21957675999999998,-0.054894189999999995,1
47.05918179999571,0,fwd,0.30000000000000004,-0.21937192,-0.06581157600000001,1
47.193508099997416,0,fwd,0.35000000000000003,-0.21970436,-0.076896526,1
47.32812570000533,0,fwd,0.4,-0.21941872,-0.087767488,1
47.46230870002182,0,fwd,0.45,-0.21927519999999998,-0.09867383999999998,1
47.59664970001904,0,fwd,0.5,-0.2189566,-0.1094783,1
47.73104909999529,0,fwd,0.55,-0.21880516,-0.12034283800000001,1
47.86558500002138,0,fwd,0.6000000000000001,-0.2182628,-0.13095768000000002,1
47.999825400009286,0,fwd,0.65,-0.21816016000000002,-0.14180410400000001,1
48.13430629996583,0,fwd,0.7000000000000001,-0.21800612,-0.152604284,1
48.26872980000917,0,fwd,0.75,-0.21767756,-0.16325816999999998,1
48.40313419996528,0,fwd,0.8,-0.21747204,-0.17397763200000002,1
48.53743129997747,0,fwd,0.8500000000000001,-0.21730652,-0.18471054200000003,1
48.672089500003494,0,fwd,0.9,-0.21698947999999998,-0.195290532,1
48.80654109996976,0,fwd,0.9500000000000001,-0.21675872,-0.205920784,1
48.94123789999867,0,fwd,1.0,-0.21653232000000003,-0.21653232000000003,1
49.07542150001973,0,fwd,1.05,-0.21626795999999998,-0.22708135799999998,1
49.20985959999962,0,fwd,1.1,-0.21593788,-0.23753166800000003,1
49.34431820001919,0,fwd,1.1500000000000001,-0.21567684,-0.24802836600000003,1
49.47897399996873,0,fwd,1.2000000000000002,-0.2155006,-0.25860072,1
49.61326169996755,0,fwd,1.25,-0.21535696000000001,-0.2691962,1
49.74785109999357,0,fwd,1.3,-0.21489035999999997,-0.279357468,1
49.88227319996804,0,fwd,1.35,-0.21453532,-0.289622682,1
50.01691690000007,0,fwd,1.4000000000000001,-0.2141696,-0.29983744,1
50.15122399997199,0,fwd,1.4500000000000002,-0.21388232,-0.310129364,1
50.28584610001417,0,fwd,1.5,-0.21334828000000003,-0.32002242000000003,1
50.42030140000861,0,fwd,1.55,-0.21233728,-0.329122784,1
50.55476530001033,0,fwd,1.6,-0.21207868000000002,-0.3393258880000001,1
50.68877549999161,0,fwd,1.6500000000000001,-0.21151904,-0.34900641600000004,1
50.82307019998552,0,fwd,1.7000000000000002,-0.21165032,-0.35980554400000003,1
50.957541099982336,0,fwd,1.75,-0.20994336,-0.36740088,1
51.09200399997644,0,fwd,1.8,-0.20943272000000002,-0.37697889600000006,1
51.226430399983656,0,fwd,1.85,-0.209353,-0.38730305000000004,1
51.38522940000985,0,fwd,1.9000000000000001,-0.20862596,-0.39638932400000004,1
51.519432900007814,0,fwd,1.9500000000000002,-0.20779896,-0.405207972,1
51.65390269999625,0,fwd,2.0,-0.20799051999999998,-0.41598103999999997,1
51.78827109996928,0,fwd,2.0500000000000003,-0.20561888,-0.4215187040000001,1
51.922942299977876,0,fwd,2.1,-0.20522264,-0.43096754400000004,1
52.0573991999845,0,fwd,2.15,-0.20600472,-0.442910148,1
52.191838999977335,0,fwd,2.2,-0.20525227999999998,-0.451555016,1
52.32626469997922,0,fwd,2.25,-0.20434792000000002,-0.45978282000000004,1
52.46081000001868,0,fwd,2.3000000000000003,-0.20328852,-0.4675635960000001,1
52.59526289999485,0,fwd,2.35,-0.20179232,-0.474211952,1
52.72972599999048,0,fwd,2.4000000000000004,-0.2011686,-0.48280464000000006,1
52.863985000003595,0,fwd,2.45,-0.20033912,-0.49083084400000004,1
52.99865730002057,0,fwd,2.5,-0.19948955999999998,-0.49872389999999994,1
53.13278519996675,0,fwd,2.5500000000000003,-0.19873908,-0.5067846540000001,1
53.26719569996931,0,fwd,2.6,-0.19795900000000002,-0.5146934000000001,1
53.4014659000095,0,fwd,2.6500000000000004,-0.19706788,-0.5222298820000001,1
53.53734490001807,0,fwd,2.7,-0.19628911999999998,-0.529980624,1
53.67164459999185,0,fwd,2.75,-0.19551184,-0.53765756,1
53.80627870000899,0,fwd,2.8000000000000003,-0.19459236000000002,-0.5448586080000001,1
53.940751200017985,0,fwd,2.85,-0.19373456,-0.552143496,1
54.075225899985526,0,fwd,2.9000000000000004,-0.19284295999999998,-0.559244584,1
54.20964339998318,0,fwd,2.95,-0.19188299999999997,-0.56605485,1
54.34407310001552,0,fwd,3.0,-0.19100183999999998,-0.5730055199999999,1
54.47829479997745,0,fwd,3.0500000000000003,-0.18997328,-0.5794185040000001,1
54.61269119998906,0,fwd,3.1,-0.18872264000000002,-0.5850401840000001,1
54.747105700022075,0,fwd,3.1500000000000004,-0.18787076,-0.591792894,1
54.88149329996668,0,fwd,3.2,-0.18682503999999997,-0.597840128,1
55.01578389998758,0,fwd,3.25,-0.18510212000000004,-0.6015818900000001,1
55.150304200011306,0,fwd,3.3000000000000003,-0.18466776,-0.609403608,1
55.28475079999771,0,fwd,3.35,-0.18252844,-0.611470274,1
55.419353700010106,0,fwd,3.4000000000000004,-0.18085415999999999,-0.614904144,1
55.55375159997493,0,fwd,3.45,-0.17959968,-0.6196188960000001,1
55.688522599986754,0,fwd,3.5,-0.17869968,-0.62544888,1
55.82275380002102,0,fwd,3.5500000000000003,-0.17738779999999998,-0.62972669,1
55.957122799998615,0,fwd,3.6,-0.17616903999999997,-0.6342085439999999,1
56.091654299991205,0,fwd,3.6500000000000004,-0.17343916,-0.6330529340000001,1
56.226101899985224,0,fwd,3.7,-0.17222004,-0.637214148,1
56.36051349999616,0,fwd,3.75,-0.17166391999999997,-0.6437396999999999,1
56.49491249996936,0,fwd,3.8000000000000003,-0.17025363999999998,-0.646963832,1
56.62936020002235,0,fwd,3.85,-0.16836463999999998,-0.648203864,1
56.76382409996586,0,fwd,3.9000000000000004,-0.16656832000000002,-0.6496164480000002,1
56.898243799980264,0,fwd,3.95,-0.16457776,-0.650082152,1
57.032839599996805,0,fwd,4.0,-0.16230608,-0.64922432,1
57.167139199969824,0,fwd,4.05,-0.15989547999999998,-0.6475766939999998,1
57.30157790001249,0,fwd,4.1000000000000005,-0.15736848000000003,-0.6452107680000002,1
57.435893499990925,0,fwd,4.15,-0.15476104,-0.642258316,1
57.57038549997378,0,fwd,4.2,-0.15178128000000002,-0.6374813760000001,1
57.70482980000088,0,fwd,4.25,-0.1489806,-0.6331675499999999,1
57.839375699986704,0,fwd,4.3,-0.1457694,-0.6268084199999999,1
57.97357400000328,0,fwd,4.3500000000000005,-0.14254904,-0.620088324,1
58.10819429997355,0,fwd,4.4,-0.13898068,-0.611514992,1
58.24300590000348,0,fwd,4.45,-0.13534407999999998,-0.6022811559999999,1
58.37747910001781,0,fwd,4.5,-0.1315142,-0.5918139,1
58.51190879999194,0,fwd,4.55,-0.12740232,-0.579680556,1
58.64656109997304,0,fwd,4.6000000000000005,-0.12316828,-0.5665740880000001,1
58.78103459998965,0,fwd,4.65,-0.11855512000000001,-0.5512813080000001,1
58.91576319996966,0,fwd,4.7,-0.11390279999999998,-0.5353431599999999,1
59.04993169999216,0,fwd,4.75,-0.10887132000000001,-0.5171387700000001,1
59.184414400020614,0,fwd,4.800000000000001,-0.10357792,-0.4971740160000001,1
59.31883279996691,0,fwd,4.8500000000000005,-0.09810051999999998,-0.47578752199999996,1
59.4530985999736,0,fwd,4.9,-0.09243532,-0.45293306800000005,1
59.58732059999602,0,fwd,4.95,-0.08671684,-0.42924835800000005,1
59.72151649999432,0,fwd,5.0,-0.08049811999999999,-0.4024906,1
59.85572170000523,0,fwd,5.050000000000001,-0.07431396,-0.37528549800000005,1
59.9899948000093,0,fwd,5.1000000000000005,-0.06783499999999999,-0.3459585,1
60.124171099974774,0,fwd,5.15,-0.06064976,-0.312346264,1
60.270130400022026,0,fwd,5.2,-0.05389892,-0.28027438400000004,1
60.40436799998861,0,fwd,5.25,-0.046992479999999996,-0.24671052,1
61.000536100007594,0,fwd,5.300000000000001,-0.04903676,-0.259894828,1
61.28914000000805,0,fwd,5.3500000000000005,-0.04025016,-0.215338356,1
61.42333379999036,0,fwd,5.4,-0.026103360000000003,-0.14095814400000004,1
61.557802099967375,0,fwd,5.45,-0.01824162,-0.099416829,1
61.69236450002063,0,fwd,5.5,-0.010323115999999999,-0.05677713799999999,1
62.29307100002188,0,fwd,5.550000000000001,-0.004842996,-0.026878627800000002,1
62.42762530001346,0,fwd,5.6000000000000005,0.0053669880000000005,0.030055132800000006,1
62.56204699998489,0,fwd,5.65,0.013851532,0.07826115580000001,1
62.69667879998451,0,fwd,5.7,0.022176024000000003,0.12640333680000002,1
62.83121279999614,0,fwd,5.75,0.03083536,0.17730332,1
62.96563240000978,0,fwd,5.800000000000001,0.03936044,0.228290552,1
63.407797100022435,0,fwd,5.8500000000000005,0.04682696,0.27393771600000005,1
63.542315699975006,0,fwd,5.9,0.057213400000000005,0.33755906,1
63.67675969999982,0,fwd,5.95,0.06654016,0.395913952,1
63.811261099996045,0,fwd,6.0,0.07566316,0.45397895999999993,1
