cycle,time(s),voltage(V),j_current(mA/cm²),power(mW),power_density(mW/cm²),PCE(%),direction,step,mode
0,2.6279223000165075,1.01,-0.6875109210526316,3.4719301513157896,0.6943860302631579,0.6943860302631579,-1,0.05,EXPLORE
1,4.649191200034693,0.96,-1.7393859200000001,8.349052416,1.6698104832,1.6698104831999998,-1,0.05,EXPLORE
2,6.6679283999837935,0.909,-2.3602173793103445,10.727187988965518,2.1454375977931033,2.1454375977931037,-1,0.05,EXPLORE
3,8.687550000147894,0.859,-2.701254720930233,11.60188902639535,2.3203778052790702,2.3203778052790702,-1,0.05,EXPLORE
4,10.706843600026332,0.808,-2.8877160697674413,11.666372921860464,2.333274584372093,2.333274584372093,-1,0.05,EXPLORE
5,12.718627299997024,0.757,-3.001550534883721,11.360868774534884,2.2721737549069765,2.272173754906977,1,0.01,REFINE
6,14.724667400005274,0.767,-2.980316376470589,11.429513303764708,2.285902660752942,2.285902660752942,1,0.01,REFINE
7,16.741971399984322,0.777,-2.957999139534884,11.491826657093025,2.298365331418605,2.298365331418605,1,0.01,REFINE
8,18.758808500133455,0.787,-2.932232627906978,11.538335390813957,2.3076670781627917,2.3076670781627917,1,0.01,REFINE
9,20.766788800014183,0.797,-2.9058306279069765,11.579735052209301,2.3159470104418602,2.3159470104418602,1,0.01,REFINE
10,22.774339099996723,0.808,-2.8831783720930235,11.648040623255815,2.329608124651163,2.329608124651163,1,0.01,REFINE
11,24.783901900053024,0.818,-2.8530310465116284,11.668896980232558,2.333779396046512,2.3337793960465114,1,0.01,REFINE
12,26.80262380000204,0.829,-2.8202823488372095,11.690070335930232,2.3380140671860468,2.3380140671860463,1,0.01,REFINE
13,28.823146300041117,0.839,-2.7750603953488366,11.64137835848837,2.328275671697674,2.328275671697674,-1,0.01,REFINE
14,30.836914799991064,0.828,-2.804534302325581,11.610772011627905,2.3221544023255807,2.322154402325581,1,0.01,REFINE
15,32.83910199999809,0.839,-2.752454211764705,11.546545418352938,2.3093090836705876,2.3093090836705876,-1,0.01,REFINE
16,34.845548899960704,0.828,-2.779528604651163,11.507248423255813,2.3014496846511627,2.3014496846511627,1,0.01,REFINE
17,36.85160870011896,0.839,-2.729644847058823,11.450860133411762,2.2901720266823524,2.2901720266823524,-1,0.01,REFINE
18,38.8555399000179,0.828,-2.7592083764705886,11.423122678588237,2.284624535717647,2.2846245357176476,1,0.01,REFINE
19,40.87164300004952,0.838,-2.712245395348837,11.364308206511627,2.2728616413023253,2.2728616413023253,-1,0.01,REFINE
20,42.880938600050285,0.828,-2.74307523255814,11.356331462790699,2.2712662925581397,2.2712662925581397,1,0.01,REFINE
21,44.89331520011183,0.839,-2.7018780000000007,11.334378210000002,2.2668756420000005,2.2668756420000005,-1,0.01,REFINE
22,46.905490900040604,0.828,-2.738796046511628,11.33861563255814,2.267723126511628,2.267723126511628,-1,0.01,REFINE
23,48.909656100091524,0.818,-2.77254665882353,11.339715834588235,2.2679431669176475,2.267943166917647,-1,0.01,REFINE
24,50.92874890007079,0.808,-2.8028651860465112,11.323575351627905,2.264715070325581,2.264715070325581,1,0.01,REFINE
25,52.9537263000384,0.818,-2.769070139534884,11.325496870697675,2.2650993741395347,2.265099374139535,1,0.01,REFINE
26,54.96983740001451,0.828,-2.736503813953488,11.32912578976744,2.265825157953488,2.265825157953488,1,0.01,REFINE
27,56.97092570015229,0.838,-2.7019617647058825,11.321219794117647,2.2642439588235295,2.2642439588235295,-1,0.01,REFINE
28,58.97949709999375,0.828,-2.7444393488372087,11.361978904186046,2.2723957808372086,2.272395780837209,-1,0.01,REFINE
29,60.99505210004281,0.818,-2.781784790697674,11.377499793953486,2.2754999587906974,2.275499958790697,-1,0.01,REFINE
